annotation_id,participant_id,participant_type,completion_code,timestamp,created_at,config_version,failed,failure_reason,quiz_score,quiz_total,sanity_checks_passed,sanity_checks_total,response_type,answer,choice,pair_index,description_a,description_b,score_a,score_b
259,yidi,free,LHGBPVU4,2026-05-27 22:25:35.032,2026-05-27 22:25:36.866851,v2.0-official,f,,0,0,3,3,regular,left_677,left,677,moves the tape,1,76,27
259,yidi,free,LHGBPVU4,2026-05-27 22:25:35.032,2026-05-27 22:25:36.866851,v2.0-official,f,,0,0,3,3,regular,same_419,same,419,1,1,20,20
259,yidi,free,LHGBPVU4,2026-05-27 22:25:35.032,2026-05-27 22:25:36.866851,v2.0-official,f,,0,0,3,3,regular,same_728,same,728,Stack 3 cups together,Stack 3 cups together,19,19
259,yidi,free,LHGBPVU4,2026-05-27 22:25:35.032,2026-05-27 22:25:36.866851,v2.0-official,f,,0,0,3,3,regular,right_684,right,684,1,Use cup to pour something granular,47,65
259,yidi,free,LHGBPVU4,2026-05-27 22:25:35.032,2026-05-27 22:25:36.866851,v2.0-official,f,,0,0,3,3,regular,same_11,same,11,1,1 Move the green brick into the bowl,16,10
259,yidi,free,LHGBPVU4,2026-05-27 22:25:35.032,2026-05-27 22:25:36.866851,v2.0-official,f,,0,0,3,3,regular,right_344,right,344,Place the cup close to the sheet,Place the cup close to the sheet,29,45
259,yidi,free,LHGBPVU4,2026-05-27 22:25:35.032,2026-05-27 22:25:36.866851,v2.0-official,f,,0,0,3,3,regular,same_216,same,216,put yellow duck in pot,put yellow duck in pot,4,10
259,yidi,free,LHGBPVU4,2026-05-27 22:25:35.032,2026-05-27 22:25:36.866851,v2.0-official,f,,0,0,3,3,regular,left_302,left,302,stack 2 bowls on top of one another,1,68,27
259,yidi,free,LHGBPVU4,2026-05-27 22:25:35.032,2026-05-27 22:25:36.866851,v2.0-official,f,,0,0,3,3,regular,left_713,left,713,Use cup to pour something granular,Use cup to pour something granular,39,16
259,yidi,free,LHGBPVU4,2026-05-27 22:25:35.032,2026-05-27 22:25:36.866851,v2.0-official,f,,0,0,3,3,regular,left_488,left,488,Move the blue towel slightly to the right on the mat,Move the blue towel slightly to the right on the mat,62,29
259,yidi,free,LHGBPVU4,2026-05-27 22:25:35.032,2026-05-27 22:25:36.866851,v2.0-official,f,,0,0,3,3,regular,right_588,right,588,1,1,45,53
259,yidi,free,LHGBPVU4,2026-05-27 22:25:35.032,2026-05-27 22:25:36.866851,v2.0-official,f,,0,0,3,3,regular,same_360,same,360,Place the pen inside the yellow mug,Place the pen inside the yellow mug,29,22
259,yidi,free,LHGBPVU4,2026-05-27 22:25:35.032,2026-05-27 22:25:36.866851,v2.0-official,f,,0,0,3,3,regular,left_633,left,633,1,1,74,36
259,yidi,free,LHGBPVU4,2026-05-27 22:25:35.032,2026-05-27 22:25:36.866851,v2.0-official,f,,0,0,3,3,regular,left_545,left,545,1,1,62,37
259,yidi,free,LHGBPVU4,2026-05-27 22:25:35.032,2026-05-27 22:25:36.866851,v2.0-official,f,,0,0,3,3,regular,same_364,same,364,1,1,18,10
259,yidi,free,LHGBPVU4,2026-05-27 22:25:35.032,2026-05-27 22:25:36.866851,v2.0-official,f,,0,0,3,3,regular,same_541,same,541,1,1,41,42
259,yidi,free,LHGBPVU4,2026-05-27 22:25:35.032,2026-05-27 22:25:36.866851,v2.0-official,f,,0,0,3,3,regular,right_316,right,316,1,1,12,24
259,yidi,free,LHGBPVU4,2026-05-27 22:25:35.032,2026-05-27 22:25:36.866851,v2.0-official,f,,0,0,3,3,regular,same_512,same,512,1,1,20,20
259,yidi,free,LHGBPVU4,2026-05-27 22:25:35.032,2026-05-27 22:25:36.866851,v2.0-official,f,,0,0,3,3,regular,left_550,left,550,1,1,62,35
259,yidi,free,LHGBPVU4,2026-05-27 22:25:35.032,2026-05-27 22:25:36.866851,v2.0-official,f,,0,0,3,3,regular,left_572,left,572,1,1,100,7
259,yidi,free,LHGBPVU4,2026-05-27 22:25:35.032,2026-05-27 22:25:36.866851,v2.0-official,f,,0,0,3,3,regular,same_267,same,267,1,1,13,20
259,yidi,free,LHGBPVU4,2026-05-27 22:25:35.032,2026-05-27 22:25:36.866851,v2.0-official,f,,0,0,3,3,regular,left_438,left,438,1,1,68,22
259,yidi,free,LHGBPVU4,2026-05-27 22:25:35.032,2026-05-27 22:25:36.866851,v2.0-official,f,,0,0,3,3,regular,same_307,same,307,1,1,13,17
259,yidi,free,LHGBPVU4,2026-05-27 22:25:35.032,2026-05-27 22:25:36.866851,v2.0-official,f,,0,0,3,3,regular,same_597,same,597,1,1,100,100
259,yidi,free,LHGBPVU4,2026-05-27 22:25:35.032,2026-05-27 22:25:36.866851,v2.0-official,f,,0,0,3,3,regular,left_55,left,55,1,1,78,12
259,yidi,free,LHGBPVU4,2026-05-27 22:25:35.032,2026-05-27 22:25:36.866851,v2.0-official,f,,0,0,3,3,regular,same_112,same,112,1111,1111,40,35
259,yidi,free,LHGBPVU4,2026-05-27 22:25:35.032,2026-05-27 22:25:36.866851,v2.0-official,f,,0,0,3,3,regular,same_708,same,708,1,1,63,32
259,yidi,free,LHGBPVU4,2026-05-27 22:25:35.032,2026-05-27 22:25:36.866851,v2.0-official,f,,0,0,3,3,regular,same_472,same,472,Move the blue towel slightly to the right on the mat,Move the blue towel slightly to the right on the mat,0,0
259,yidi,free,LHGBPVU4,2026-05-27 22:25:35.032,2026-05-27 22:25:36.866851,v2.0-official,f,,0,0,3,3,regular,right_356,right,356,Place the cup close to the sheet,Place the cup close to the sheet,35,50
260,A8AEFZTMDVN0Z,paid,5MZU567U,2026-05-28 01:18:50.737,2026-05-28 01:18:51.147625,v2.0-official,f,,8,10,3,4,regular,left_616,left,616,ttake the green,ry the green,99,75
260,A8AEFZTMDVN0Z,paid,5MZU567U,2026-05-28 01:18:50.737,2026-05-28 01:18:51.147625,v2.0-official,f,,8,10,3,4,regular,right_135,right,135,try the beanch,take the beanch,77,81
260,A8AEFZTMDVN0Z,paid,5MZU567U,2026-05-28 01:18:50.737,2026-05-28 01:18:51.147625,v2.0-official,f,,8,10,3,4,regular,left_49,left,49,take the bottle,try thwe bottle,85,67
260,A8AEFZTMDVN0Z,paid,5MZU567U,2026-05-28 01:18:50.737,2026-05-28 01:18:51.147625,v2.0-official,f,,8,10,3,4,regular,left_595,left,595,take the bottle,try the bottle,79,62
260,A8AEFZTMDVN0Z,paid,5MZU567U,2026-05-28 01:18:50.737,2026-05-28 01:18:51.147625,v2.0-official,f,,8,10,3,4,regular,left_573,left,573,take the cup,try the cup,81,58
260,A8AEFZTMDVN0Z,paid,5MZU567U,2026-05-28 01:18:50.737,2026-05-28 01:18:51.147625,v2.0-official,f,,8,10,3,4,regular,right_476,right,476,try the taval,take the taval,60,86
260,A8AEFZTMDVN0Z,paid,5MZU567U,2026-05-28 01:18:50.737,2026-05-28 01:18:51.147625,v2.0-official,f,,8,10,3,4,regular,right_384,right,384,try the cup,take thecup,66,59
260,A8AEFZTMDVN0Z,paid,5MZU567U,2026-05-28 01:18:50.737,2026-05-28 01:18:51.147625,v2.0-official,f,,8,10,3,4,regular,left_233,left,233,take the small,try the small,70,70
260,A8AEFZTMDVN0Z,paid,5MZU567U,2026-05-28 01:18:50.737,2026-05-28 01:18:51.147625,v2.0-official,f,,8,10,3,4,regular,left_275,left,275,take the thuni,try the thuni,81,60
260,A8AEFZTMDVN0Z,paid,5MZU567U,2026-05-28 01:18:50.737,2026-05-28 01:18:51.147625,v2.0-official,f,,8,10,3,4,regular,left_295,left,295,take the bowl,try the pwel,100,54
260,A8AEFZTMDVN0Z,paid,5MZU567U,2026-05-28 01:18:50.737,2026-05-28 01:18:51.147625,v2.0-official,f,,8,10,3,4,regular,left_472,left,472,take the taval,try tyhe taval,69,52
260,A8AEFZTMDVN0Z,paid,5MZU567U,2026-05-28 01:18:50.737,2026-05-28 01:18:51.147625,v2.0-official,f,,8,10,3,4,regular,left_404,left,404,take the bottle,take the bottle,100,96
260,A8AEFZTMDVN0Z,paid,5MZU567U,2026-05-28 01:18:50.737,2026-05-28 01:18:51.147625,v2.0-official,f,,8,10,3,4,regular,left_656,left,656,try tthe cup,try the cup,77,63
260,A8AEFZTMDVN0Z,paid,5MZU567U,2026-05-28 01:18:50.737,2026-05-28 01:18:51.147625,v2.0-official,f,,8,10,3,4,regular,left_360,left,360,take the bottle,try the bottle,65,56
260,A8AEFZTMDVN0Z,paid,5MZU567U,2026-05-28 01:18:50.737,2026-05-28 01:18:51.147625,v2.0-official,f,,8,10,3,4,regular,left_459,left,459,try the cup,try the cup,72,62
260,A8AEFZTMDVN0Z,paid,5MZU567U,2026-05-28 01:18:50.737,2026-05-28 01:18:51.147625,v2.0-official,f,,8,10,3,4,regular,right_305,right,305,try the powel,take the powel,69,83
260,A8AEFZTMDVN0Z,paid,5MZU567U,2026-05-28 01:18:50.737,2026-05-28 01:18:51.147625,v2.0-official,f,,8,10,3,4,regular,left_586,left,586,take the cvup,try the cup,79,70
260,A8AEFZTMDVN0Z,paid,5MZU567U,2026-05-28 01:18:50.737,2026-05-28 01:18:51.147625,v2.0-official,f,,8,10,3,4,regular,left_399,left,399,take the bottle,try the bottle,85,60
260,A8AEFZTMDVN0Z,paid,5MZU567U,2026-05-28 01:18:50.737,2026-05-28 01:18:51.147625,v2.0-official,f,,8,10,3,4,regular,left_512,left,512,take the cup,try the cup,86,55
260,A8AEFZTMDVN0Z,paid,5MZU567U,2026-05-28 01:18:50.737,2026-05-28 01:18:51.147625,v2.0-official,f,,8,10,3,4,regular,right_355,right,355,try the ,take the,84,66
260,A8AEFZTMDVN0Z,paid,5MZU567U,2026-05-28 01:18:50.737,2026-05-28 01:18:51.147625,v2.0-official,f,,8,10,3,4,regular,left_627,left,627,take the green,try the green,100,62
260,A8AEFZTMDVN0Z,paid,5MZU567U,2026-05-28 01:18:50.737,2026-05-28 01:18:51.147625,v2.0-official,f,,8,10,3,4,regular,left_226,left,226,try the,try the,73,65
260,A8AEFZTMDVN0Z,paid,5MZU567U,2026-05-28 01:18:50.737,2026-05-28 01:18:51.147625,v2.0-official,f,,8,10,3,4,regular,right_4,right,4,try the powel,take the powel,74,99
260,A8AEFZTMDVN0Z,paid,5MZU567U,2026-05-28 01:18:50.737,2026-05-28 01:18:51.147625,v2.0-official,f,,8,10,3,4,regular,left_589,left,589,take the cup,try the the cup,95,62
260,A8AEFZTMDVN0Z,paid,5MZU567U,2026-05-28 01:18:50.737,2026-05-28 01:18:51.147625,v2.0-official,f,,8,10,3,4,regular,right_195,right,195,try the spring,take the speing,71,100
260,A8AEFZTMDVN0Z,paid,5MZU567U,2026-05-28 01:18:50.737,2026-05-28 01:18:51.147625,v2.0-official,f,,8,10,3,4,regular,left_418,left,418,take the cup,try the cup,90,53
260,A8AEFZTMDVN0Z,paid,5MZU567U,2026-05-28 01:18:50.737,2026-05-28 01:18:51.147625,v2.0-official,f,,8,10,3,4,regular,left_562,left,562,take the cup,try the cup,85,67
260,A8AEFZTMDVN0Z,paid,5MZU567U,2026-05-28 01:18:50.737,2026-05-28 01:18:51.147625,v2.0-official,f,,8,10,3,4,regular,left_722,left,722,take the bottle,try the bottle,100,62
262,A1CCWENTISCPVY,paid,M3UQ9H2M,2026-05-28 03:19:56.41,2026-05-28 03:19:59.602787,v2.0-official,f,,10,10,14,15,regular,left_240,left,240,try to reach the yellow duck,does nothing meaningful,63,6
262,A1CCWENTISCPVY,paid,M3UQ9H2M,2026-05-28 03:19:56.41,2026-05-28 03:19:59.602787,v2.0-official,f,,10,10,14,15,regular,right_689,right,689,reaches the cup but fails to pour something,successfylly pick the cup and pour something granular,17,93
262,A1CCWENTISCPVY,paid,M3UQ9H2M,2026-05-28 03:19:56.41,2026-05-28 03:19:59.602787,v2.0-official,f,,10,10,14,15,regular,same_26,same,26,try to reach the green brick,try to reach the green brick,35,31
262,A1CCWENTISCPVY,paid,M3UQ9H2M,2026-05-28 03:19:56.41,2026-05-28 03:19:59.602787,v2.0-official,f,,10,10,14,15,regular,right_105,right,105,try to reaches the cup,reach the cup and pick up it but fails to pour it ,16,60
262,A1CCWENTISCPVY,paid,M3UQ9H2M,2026-05-28 03:19:56.41,2026-05-28 03:19:59.602787,v2.0-official,f,,10,10,14,15,regular,left_457,left,457,try to reach the gray tape,does nothing meaningful,82,24
262,A1CCWENTISCPVY,paid,M3UQ9H2M,2026-05-28 03:19:56.41,2026-05-28 03:19:59.602787,v2.0-official,f,,10,10,14,15,regular,right_215,right,215,pick up the scrub before the object and fallit down,pick up the object and scrub but put it down before completing the task,23,84
262,A1CCWENTISCPVY,paid,M3UQ9H2M,2026-05-28 03:19:56.41,2026-05-28 03:19:59.602787,v2.0-official,f,,10,10,14,15,regular,right_390,right,390,it reach the mug before pick up he pen,reach near the pen but fail to pick it up,13,71
262,A1CCWENTISCPVY,paid,M3UQ9H2M,2026-05-28 03:19:56.41,2026-05-28 03:19:59.602787,v2.0-official,f,,10,10,14,15,regular,right_106,right,106,try to reach the cup,reach and pick up the cup and pour into the bowl,13,89
262,A1CCWENTISCPVY,paid,M3UQ9H2M,2026-05-28 03:19:56.41,2026-05-28 03:19:59.602787,v2.0-official,f,,10,10,14,15,regular,right_418,right,418,try to pick up the mug,pick up the mug and move it to the left,75,91
262,A1CCWENTISCPVY,paid,M3UQ9H2M,2026-05-28 03:19:56.41,2026-05-28 03:19:59.602787,v2.0-official,f,,10,10,14,15,regular,left_90,left,90,reach and pick up the cup and fails to pour something,try to reach the cup,85,19
262,A1CCWENTISCPVY,paid,M3UQ9H2M,2026-05-28 03:19:56.41,2026-05-28 03:19:59.602787,v2.0-official,f,,10,10,14,15,regular,right_59,right,59,reach and stack blue cup and try the same it on the brown cup,reach and move two cups one by one ,75,91
262,A1CCWENTISCPVY,paid,M3UQ9H2M,2026-05-28 03:19:56.41,2026-05-28 03:19:59.602787,v2.0-official,f,,10,10,14,15,regular,left_608,left,608,reach and pick up the yellow cup,reach near the yellow cup but fails to pick it up,81,16
262,A1CCWENTISCPVY,paid,M3UQ9H2M,2026-05-28 03:19:56.41,2026-05-28 03:19:59.602787,v2.0-official,f,,10,10,14,15,regular,right_741,right,741,try to reach the blue cup,reach the brown and yellow cup but push it down,27,63
262,A1CCWENTISCPVY,paid,M3UQ9H2M,2026-05-28 03:19:56.41,2026-05-28 03:19:59.602787,v2.0-official,f,,10,10,14,15,regular,right_303,right,303,does nothing meaningful,reach and stack the brown bowl near to the black bowl,21,79
262,A1CCWENTISCPVY,paid,M3UQ9H2M,2026-05-28 03:19:56.41,2026-05-28 03:19:59.602787,v2.0-official,f,,10,10,14,15,regular,right_135,right,135,does nothing meaningful,reach near the yellow black but fails to pick it up,16,86
262,A1CCWENTISCPVY,paid,M3UQ9H2M,2026-05-28 03:19:56.41,2026-05-28 03:19:59.602787,v2.0-official,f,,10,10,14,15,regular,right_165,right,165,try to pick up the small bottle,reach and move the bottle to end of the table,18,82
262,A1CCWENTISCPVY,paid,M3UQ9H2M,2026-05-28 03:19:56.41,2026-05-28 03:19:59.602787,v2.0-official,f,,10,10,14,15,regular,left_605,left,605,reach and pick up the yellow cup,make many attempts to pick up the yellow cup,86,14
262,A1CCWENTISCPVY,paid,M3UQ9H2M,2026-05-28 03:19:56.41,2026-05-28 03:19:59.602787,v2.0-official,f,,10,10,14,15,regular,right_313,right,313,make some attempts to reach the bowl,reach the block bowl and move aside but fails to move near the brown bowl,15,54
262,A1CCWENTISCPVY,paid,M3UQ9H2M,2026-05-28 03:19:56.41,2026-05-28 03:19:59.602787,v2.0-official,f,,10,10,14,15,regular,same_386,same,386,reach near the cup without pick up the pen,reach near the cup without pick up the pen,16,16
262,A1CCWENTISCPVY,paid,M3UQ9H2M,2026-05-28 03:19:56.41,2026-05-28 03:19:59.602787,v2.0-official,f,,10,10,14,15,regular,right_115,right,115,does nothing meaningful,reach near the yellow block and try to pick it up,16,84
262,A1CCWENTISCPVY,paid,M3UQ9H2M,2026-05-28 03:19:56.41,2026-05-28 03:19:59.602787,v2.0-official,f,,10,10,14,15,regular,right_204,right,204,reach near the scrub only,reach the scrub and try to pick up with object,10,68
262,A1CCWENTISCPVY,paid,M3UQ9H2M,2026-05-28 03:19:56.41,2026-05-28 03:19:59.602787,v2.0-official,f,,10,10,14,15,regular,same_285,same,285,reach near the black object instead of pick up the toy bear,reach near the black object instead of pick up the toy bear,8,8
262,A1CCWENTISCPVY,paid,M3UQ9H2M,2026-05-28 03:19:56.41,2026-05-28 03:19:59.602787,v2.0-official,f,,10,10,14,15,regular,left_626,left,626,put a green lego into the bowl and reach the red lego,put a red lego into a bowl but fails to reach the green lego,84,61
262,A1CCWENTISCPVY,paid,M3UQ9H2M,2026-05-28 03:19:56.41,2026-05-28 03:19:59.602787,v2.0-official,f,,10,10,14,15,regular,right_380,right,380,try to reach the mug without pick up the pen ,reach near the pen but fails to pick it up,14,76
262,A1CCWENTISCPVY,paid,M3UQ9H2M,2026-05-28 03:19:56.41,2026-05-28 03:19:59.602787,v2.0-official,f,,10,10,14,15,regular,left_55,left,55,pick up the blue cup and stack near the brown cup,try to pick up the cup,71,17
262,A1CCWENTISCPVY,paid,M3UQ9H2M,2026-05-28 03:19:56.41,2026-05-28 03:19:59.602787,v2.0-official,f,,10,10,14,15,regular,right_64,right,64,reach near the other object instead of the two cups,reach near the blue cup but fails to pick it up,15,84
262,A1CCWENTISCPVY,paid,M3UQ9H2M,2026-05-28 03:19:56.41,2026-05-28 03:19:59.602787,v2.0-official,f,,10,10,14,15,regular,right_372,right,372,reach near the yellow cup ,try to reach and pick up the pen,18,65
262,A1CCWENTISCPVY,paid,M3UQ9H2M,2026-05-28 03:19:56.41,2026-05-28 03:19:59.602787,v2.0-official,f,,10,10,14,15,regular,right_700,right,700,reach near the bowl without pick up the cup,reach and pick up the cup but fails to completing the task,21,82
262,A1CCWENTISCPVY,paid,M3UQ9H2M,2026-05-28 03:19:56.41,2026-05-28 03:19:59.602787,v2.0-official,f,,10,10,14,15,regular,left_596,left,596,reach and pick up the yellow cup and place it on the bowl,try to reach the yellow cup,88,19
262,A1CCWENTISCPVY,paid,M3UQ9H2M,2026-05-28 03:19:56.41,2026-05-28 03:19:59.602787,v2.0-official,f,,10,10,14,15,regular,right_225,right,225,does nothing meaningful,make some movements to reach the yellow duck,12,58
262,A1CCWENTISCPVY,paid,M3UQ9H2M,2026-05-28 03:19:56.41,2026-05-28 03:19:59.602787,v2.0-official,f,,10,10,14,15,regular,right_397,right,397,pick up the mug and move on all sides,reach and move the mug on left side,81,88
262,A1CCWENTISCPVY,paid,M3UQ9H2M,2026-05-28 03:19:56.41,2026-05-28 03:19:59.602787,v2.0-official,f,,10,10,14,15,regular,right_701,right,701,reach the bowl instead of cup,reach the cup but fails to pick it up,21,83
262,A1CCWENTISCPVY,paid,M3UQ9H2M,2026-05-28 03:19:56.41,2026-05-28 03:19:59.602787,v2.0-official,f,,10,10,14,15,regular,left_436,left,436,reach and move the tape,try to reach the tape,76,18
262,A1CCWENTISCPVY,paid,M3UQ9H2M,2026-05-28 03:19:56.41,2026-05-28 03:19:59.602787,v2.0-official,f,,10,10,14,15,regular,right_476,right,476,move the grey towl instead of blue towel,reach and Move the blue towel slightly to the right on the mat,20,84
262,A1CCWENTISCPVY,paid,M3UQ9H2M,2026-05-28 03:19:56.41,2026-05-28 03:19:59.602787,v2.0-official,f,,10,10,14,15,regular,left_344,left,344,try to reach the cup, place pen on the sheet and push the cup,65,19
262,A1CCWENTISCPVY,paid,M3UQ9H2M,2026-05-28 03:19:56.41,2026-05-28 03:19:59.602787,v2.0-official,f,,10,10,14,15,regular,left_68,left,68,reach near the two cups but fails to stack it,try to reach the two cups,84,60
262,A1CCWENTISCPVY,paid,M3UQ9H2M,2026-05-28 03:19:56.41,2026-05-28 03:19:59.602787,v2.0-official,f,,10,10,14,15,regular,same_377,same,377,reach only near the mug but fails to pick up the pen,reach only near the mug but fails to pick up the pen,16,16
262,A1CCWENTISCPVY,paid,M3UQ9H2M,2026-05-28 03:19:56.41,2026-05-28 03:19:59.602787,v2.0-official,f,,10,10,14,15,regular,right_193,right,193,reach near the jug,pick up the scrub but put it down before completing the task,14,87
262,A1CCWENTISCPVY,paid,M3UQ9H2M,2026-05-28 03:19:56.41,2026-05-28 03:19:59.602787,v2.0-official,f,,10,10,14,15,regular,right_549,right,549,reach near the bowl only,reach near the cup but fails to pick it up,58,75
262,A1CCWENTISCPVY,paid,M3UQ9H2M,2026-05-28 03:19:56.41,2026-05-28 03:19:59.602787,v2.0-official,f,,10,10,14,15,regular,right_131,right,131,does nothing meaningful,reach near the yellow block,11,83
262,A1CCWENTISCPVY,paid,M3UQ9H2M,2026-05-28 03:19:56.41,2026-05-28 03:19:59.602787,v2.0-official,f,,10,10,14,15,regular,right_326,right,326,reach near the pen and push it near the cup,reach near the up and make some attempts to pick it up,63,80
262,A1CCWENTISCPVY,paid,M3UQ9H2M,2026-05-28 03:19:56.41,2026-05-28 03:19:59.602787,v2.0-official,f,,10,10,14,15,regular,left_509,left,509,reach and move the cup at the end of the table,reach and push the cup,92,61
262,A1CCWENTISCPVY,paid,M3UQ9H2M,2026-05-28 03:19:56.41,2026-05-28 03:19:59.602787,v2.0-official,f,,10,10,14,15,regular,left_631,left,631,pick and put two lego on the bowl,only reach near the lego,89,14
262,A1CCWENTISCPVY,paid,M3UQ9H2M,2026-05-28 03:19:56.41,2026-05-28 03:19:59.602787,v2.0-official,f,,10,10,14,15,regular,right_493,right,493,does nothing meaningful,reach and push the blue towel near the black cloth,15,79
262,A1CCWENTISCPVY,paid,M3UQ9H2M,2026-05-28 03:19:56.41,2026-05-28 03:19:59.602787,v2.0-official,f,,10,10,14,15,regular,right_620,right,620,put only green lego on the bowl,successfully put two lego on the bowl,74,96
262,A1CCWENTISCPVY,paid,M3UQ9H2M,2026-05-28 03:19:56.41,2026-05-28 03:19:59.602787,v2.0-official,f,,10,10,14,15,regular,left_125,left,125,reach near the yellow block,reach near the red block instead of yellow,59,17
262,A1CCWENTISCPVY,paid,M3UQ9H2M,2026-05-28 03:19:56.41,2026-05-28 03:19:59.602787,v2.0-official,f,,10,10,14,15,regular,left_553,left,553,reach near the cup,does nothing meaningful,83,13
262,A1CCWENTISCPVY,paid,M3UQ9H2M,2026-05-28 03:19:56.41,2026-05-28 03:19:59.602787,v2.0-official,f,,10,10,14,15,regular,right_328,right,328,reach and push the pen near to the cup,reach near the cup and fail to pick it up,18,70
262,A1CCWENTISCPVY,paid,M3UQ9H2M,2026-05-28 03:19:56.41,2026-05-28 03:19:59.602787,v2.0-official,f,,10,10,14,15,regular,right_15,right,15,reach near the green brick only,reach near the green brick and make some attempts to pick it up,65,71
262,A1CCWENTISCPVY,paid,M3UQ9H2M,2026-05-28 03:19:56.41,2026-05-28 03:19:59.602787,v2.0-official,f,,10,10,14,15,regular,right_182,right,182,does nothing meaningful,pick up the scrub and put it down before completing the task,11,88
262,A1CCWENTISCPVY,paid,M3UQ9H2M,2026-05-28 03:19:56.41,2026-05-28 03:19:59.602787,v2.0-official,f,,10,10,14,15,regular,left_327,left,327,reach and attempts to pick up the cup,only make some attempts to reach the cup,79,47
262,A1CCWENTISCPVY,paid,M3UQ9H2M,2026-05-28 03:19:56.41,2026-05-28 03:19:59.602787,v2.0-official,f,,10,10,14,15,regular,left_255,left,255,reach and pick up the toy bear then put ito the bowl,reach the toy bear and fails to pick it up,91,77
262,A1CCWENTISCPVY,paid,M3UQ9H2M,2026-05-28 03:19:56.41,2026-05-28 03:19:59.602787,v2.0-official,f,,10,10,14,15,regular,right_385,right,385,reach near the cup before pick up the pen,reach near the pen and make some attempts to pick it up,12,84
262,A1CCWENTISCPVY,paid,M3UQ9H2M,2026-05-28 03:19:56.41,2026-05-28 03:19:59.602787,v2.0-official,f,,10,10,14,15,regular,left_402,left,402,pick up and move the mug to the left,move the mug to the right,81,68
262,A1CCWENTISCPVY,paid,M3UQ9H2M,2026-05-28 03:19:56.41,2026-05-28 03:19:59.602787,v2.0-official,f,,10,10,14,15,regular,left_233,left,233,reach near the yellow duck,make some attempts to reach the yellow duck,86,61
262,A1CCWENTISCPVY,paid,M3UQ9H2M,2026-05-28 03:19:56.41,2026-05-28 03:19:59.602787,v2.0-official,f,,10,10,14,15,regular,right_116,right,116,does nothing meaningful,try to reach near the yellow block,10,58
262,A1CCWENTISCPVY,paid,M3UQ9H2M,2026-05-28 03:19:56.41,2026-05-28 03:19:59.602787,v2.0-official,f,,10,10,14,15,regular,right_353,right,353,try to reach the cup,reach and push the cup before completing the task,20,78
262,A1CCWENTISCPVY,paid,M3UQ9H2M,2026-05-28 03:19:56.41,2026-05-28 03:19:59.602787,v2.0-official,f,,10,10,14,15,regular,right_732,right,732,reach near the cup but fails to stack it,reach the cups and make some attempts to stack it,60,73
262,A1CCWENTISCPVY,paid,M3UQ9H2M,2026-05-28 03:19:56.41,2026-05-28 03:19:59.602787,v2.0-official,f,,10,10,14,15,regular,right_348,right,348,try to reach near the cup,reach near the cup but fails to pick it up,22,85
262,A1CCWENTISCPVY,paid,M3UQ9H2M,2026-05-28 03:19:56.41,2026-05-28 03:19:59.602787,v2.0-official,f,,10,10,14,15,regular,same_216,same,216,reach near the yellow duck,reach near the yellow duck,53,60
262,A1CCWENTISCPVY,paid,M3UQ9H2M,2026-05-28 03:19:56.41,2026-05-28 03:19:59.602787,v2.0-official,f,,10,10,14,15,regular,left_425,left,425,reach and move the mug to the left,reach and push the mug,74,66
262,A1CCWENTISCPVY,paid,M3UQ9H2M,2026-05-28 03:19:56.41,2026-05-28 03:19:59.602787,v2.0-official,f,,10,10,14,15,regular,same_362,same,362,reach near the cup without pick up the pen,reach near the cup without pick up the pen,54,54
262,A1CCWENTISCPVY,paid,M3UQ9H2M,2026-05-28 03:19:56.41,2026-05-28 03:19:59.602787,v2.0-official,f,,10,10,14,15,regular,left_507,left,507,reach and move the mug,try to reach the mug,87,62
262,A1CCWENTISCPVY,paid,M3UQ9H2M,2026-05-28 03:19:56.41,2026-05-28 03:19:59.602787,v2.0-official,f,,10,10,14,15,regular,right_536,right,536,make some attempts to reach the mug,reach and move the mug,58,86
262,A1CCWENTISCPVY,paid,M3UQ9H2M,2026-05-28 03:19:56.41,2026-05-28 03:19:59.602787,v2.0-official,f,,10,10,14,15,regular,right_733,right,733,reach near the cups,reach  the cups and make some attempts to pick it up but it fails,55,86
262,A1CCWENTISCPVY,paid,M3UQ9H2M,2026-05-28 03:19:56.41,2026-05-28 03:19:59.602787,v2.0-official,f,,10,10,14,15,regular,right_217,right,217,reach near the yellow duck,reach near the yellow duck and make some attempts to pick it up,55,74
262,A1CCWENTISCPVY,paid,M3UQ9H2M,2026-05-28 03:19:56.41,2026-05-28 03:19:59.602787,v2.0-official,f,,10,10,14,15,regular,right_82,right,82,pick up the cup and pour into the bowl,try to pick up the circular tokens,55,77
262,A1CCWENTISCPVY,paid,M3UQ9H2M,2026-05-28 03:19:56.41,2026-05-28 03:19:59.602787,v2.0-official,f,,10,10,14,15,regular,left_727,left,727,reach and pick up the blue cup and put it down before completing the task,try to reach the cups.,77,63
262,A1CCWENTISCPVY,paid,M3UQ9H2M,2026-05-28 03:19:56.41,2026-05-28 03:19:59.602787,v2.0-official,f,,10,10,14,15,regular,left_430,left,430,reach and move the cup,reach near the cup but fails to move it,84,69
262,A1CCWENTISCPVY,paid,M3UQ9H2M,2026-05-28 03:19:56.41,2026-05-28 03:19:59.602787,v2.0-official,f,,10,10,14,15,regular,left_512,left,512,reach and move the cup at the end of the table then try to move it to the right but push iot down,reach and move the cup at the end of the table,90,61
262,A1CCWENTISCPVY,paid,M3UQ9H2M,2026-05-28 03:19:56.41,2026-05-28 03:19:59.602787,v2.0-official,f,,10,10,14,15,regular,left_229,left,229,try to reach near the yellow duck,does nothing meaningful,81,21
262,A1CCWENTISCPVY,paid,M3UQ9H2M,2026-05-28 03:19:56.41,2026-05-28 03:19:59.602787,v2.0-official,f,,10,10,14,15,regular,same_274,same,274,reach  the toy bear and make some attempts to pick it up,reach  the toy bear and make some attempts to pick it up,77,77
262,A1CCWENTISCPVY,paid,M3UQ9H2M,2026-05-28 03:19:56.41,2026-05-28 03:19:59.602787,v2.0-official,f,,10,10,14,15,regular,right_74,right,74,does nothing meaningful,pick up and put the  circular tokens into a bowl,7,92
262,A1CCWENTISCPVY,paid,M3UQ9H2M,2026-05-28 03:19:56.41,2026-05-28 03:19:59.602787,v2.0-official,f,,10,10,14,15,regular,right_329,right,329,push the pen near to the cup,reach the cup nad make more attempts to pick it up,7,94
262,A1CCWENTISCPVY,paid,M3UQ9H2M,2026-05-28 03:19:56.41,2026-05-28 03:19:59.602787,v2.0-official,f,,10,10,14,15,regular,right_260,right,260,reach the toy bear and make some attempts to pick it up,reach the toy bear and make some attempts to pick it up,70,74
262,A1CCWENTISCPVY,paid,M3UQ9H2M,2026-05-28 03:19:56.41,2026-05-28 03:19:59.602787,v2.0-official,f,,10,10,14,15,regular,same_250,same,250,does nothing meaningful,does nothing meaningful,8,8
262,A1CCWENTISCPVY,paid,M3UQ9H2M,2026-05-28 03:19:56.41,2026-05-28 03:19:59.602787,v2.0-official,f,,10,10,14,15,regular,right_575,right,575,try to reach the cup,reach the cup and fails to pick it up,8,84
262,A1CCWENTISCPVY,paid,M3UQ9H2M,2026-05-28 03:19:56.41,2026-05-28 03:19:59.602787,v2.0-official,f,,10,10,14,15,regular,same_490,same,490,reach near the blue towel,reach near the blue towel,67,66
262,A1CCWENTISCPVY,paid,M3UQ9H2M,2026-05-28 03:19:56.41,2026-05-28 03:19:59.602787,v2.0-official,f,,10,10,14,15,regular,right_213,right,213,make attemps to pick up the object and scrub,reach the scrub and push it near to the object,64,76
262,A1CCWENTISCPVY,paid,M3UQ9H2M,2026-05-28 03:19:56.41,2026-05-28 03:19:59.602787,v2.0-official,f,,10,10,14,15,regular,right_491,right,491,try to reach the blue towel,reach and move the blue towel slightly to the right on the mat,60,91
262,A1CCWENTISCPVY,paid,M3UQ9H2M,2026-05-28 03:19:56.41,2026-05-28 03:19:59.602787,v2.0-official,f,,10,10,14,15,regular,right_5,right,5,reach near the green brick,reach and pick up the green brick then put it into the bowel,60,98
262,A1CCWENTISCPVY,paid,M3UQ9H2M,2026-05-28 03:19:56.41,2026-05-28 03:19:59.602787,v2.0-official,f,,10,10,14,15,regular,right_119,right,119,does nothing meaningful,reach near the red block instead of the yellow,8,59
262,A1CCWENTISCPVY,paid,M3UQ9H2M,2026-05-28 03:19:56.41,2026-05-28 03:19:59.602787,v2.0-official,f,,10,10,14,15,regular,left_43,left,43,reach and pick up thre blue cup but put it down before completing the task,reach nad try to pic up the cups.,86,60
262,A1CCWENTISCPVY,paid,M3UQ9H2M,2026-05-28 03:19:56.41,2026-05-28 03:19:59.602787,v2.0-official,f,,10,10,14,15,regular,left_726,left,726,reach the blue cup and pick it up but fails to stack it all,reach the cups and make some attempts to stack it,88,62
262,A1CCWENTISCPVY,paid,M3UQ9H2M,2026-05-28 03:19:56.41,2026-05-28 03:19:59.602787,v2.0-official,f,,10,10,14,15,regular,right_576,right,576,try to pick up the yellow bowl,reach and pick up the yellow bowl,73,94
262,A1CCWENTISCPVY,paid,M3UQ9H2M,2026-05-28 03:19:56.41,2026-05-28 03:19:59.602787,v2.0-official,f,,10,10,14,15,regular,same_98,same,98,reach the circular token and make some attempts to pick it up,reach the circular token and make some attempts to pick it up,85,85
262,A1CCWENTISCPVY,paid,M3UQ9H2M,2026-05-28 03:19:56.41,2026-05-28 03:19:59.602787,v2.0-official,f,,10,10,14,15,regular,left_662,left,662,reach the tape baut fails to pick it up,make many attempts to reach the tape,79,57
262,A1CCWENTISCPVY,paid,M3UQ9H2M,2026-05-28 03:19:56.41,2026-05-28 03:19:59.602787,v2.0-official,f,,10,10,14,15,regular,left_157,left,157,reach and move small bottle to the left side of the table,reach and try to move the small bottle,88,60
262,A1CCWENTISCPVY,paid,M3UQ9H2M,2026-05-28 03:19:56.41,2026-05-28 03:19:59.602787,v2.0-official,f,,10,10,14,15,regular,left_590,left,590,pick up the yellow cup and put it on the bowl,reach and make some attempts to pick up the yellow cup,90,62
262,A1CCWENTISCPVY,paid,M3UQ9H2M,2026-05-28 03:19:56.41,2026-05-28 03:19:59.602787,v2.0-official,f,,10,10,14,15,regular,same_742,same,742,reach and make many attempts to pick up the blue bowl,reach and make many attempts to pick up the blue bowl,61,61
262,A1CCWENTISCPVY,paid,M3UQ9H2M,2026-05-28 03:19:56.41,2026-05-28 03:19:59.602787,v2.0-official,f,,10,10,14,15,regular,right_304,right,304,does nothing meaningful,pick up the red bowl and try to stack it on the black bowl,7,88
262,A1CCWENTISCPVY,paid,M3UQ9H2M,2026-05-28 03:19:56.41,2026-05-28 03:19:59.602787,v2.0-official,f,,10,10,14,15,regular,left_412,left,412,reach and move the mug to the left side,reach and push the mug before completing the task,83,62
262,A1CCWENTISCPVY,paid,M3UQ9H2M,2026-05-28 03:19:56.41,2026-05-28 03:19:59.602787,v2.0-official,f,,10,10,14,15,regular,left_153,left,153,reach and move the small bottle on the left side of the table,reach and make some attempts to move the bottle,88,75
262,A1CCWENTISCPVY,paid,M3UQ9H2M,2026-05-28 03:19:56.41,2026-05-28 03:19:59.602787,v2.0-official,f,,10,10,14,15,regular,left_666,left,666,reach the tape,try to reach the tape,87,65
262,A1CCWENTISCPVY,paid,M3UQ9H2M,2026-05-28 03:19:56.41,2026-05-28 03:19:59.602787,v2.0-official,f,,10,10,14,15,regular,left_448,left,448,reach the tape but close the gripper before picking it up,reach near the tape and make many attempts to pick it up,88,77
262,A1CCWENTISCPVY,paid,M3UQ9H2M,2026-05-28 03:19:56.41,2026-05-28 03:19:59.602787,v2.0-official,f,,10,10,14,15,regular,right_473,right,473,does nothing meaningful,try to reach the blue towel,6,68
262,A1CCWENTISCPVY,paid,M3UQ9H2M,2026-05-28 03:19:56.41,2026-05-28 03:19:59.602787,v2.0-official,f,,10,10,14,15,regular,right_383,right,383,try to reach the mug without picking up the pen,try to reach the pen,22,78
262,A1CCWENTISCPVY,paid,M3UQ9H2M,2026-05-28 03:19:56.41,2026-05-28 03:19:59.602787,v2.0-official,f,,10,10,14,15,regular,left_686,left,686,reach the cup and many attempts to pick it up,reach the cup but fails to completing the task,70,58
262,A1CCWENTISCPVY,paid,M3UQ9H2M,2026-05-28 03:19:56.41,2026-05-28 03:19:59.602787,v2.0-official,f,,10,10,14,15,regular,same_273,same,273,reach the toy bear and make some attempts to pick it up,reach the toy bear and make some attempts to pick it up,71,71
262,A1CCWENTISCPVY,paid,M3UQ9H2M,2026-05-28 03:19:56.41,2026-05-28 03:19:59.602787,v2.0-official,f,,10,10,14,15,regular,right_379,right,379,reach the mug instead of the pen,reach near the pen,60,76
262,A1CCWENTISCPVY,paid,M3UQ9H2M,2026-05-28 03:19:56.41,2026-05-28 03:19:59.602787,v2.0-official,f,,10,10,14,15,regular,same_346,same,346,try to reach the cup,try to reach the cup,53,53
262,A1CCWENTISCPVY,paid,M3UQ9H2M,2026-05-28 03:19:56.41,2026-05-28 03:19:59.602787,v2.0-official,f,,10,10,14,15,regular,right_308,right,308,does nothing meaningful,reach the red bowl and try to pick up this,9,66
262,A1CCWENTISCPVY,paid,M3UQ9H2M,2026-05-28 03:19:56.41,2026-05-28 03:19:59.602787,v2.0-official,f,,10,10,14,15,regular,right_38,right,38,pick up the blue bowl and throw it away from the table,pick up the blue cup but put it down before completing the task,58,90
262,A1CCWENTISCPVY,paid,M3UQ9H2M,2026-05-28 03:19:56.41,2026-05-28 03:19:59.602787,v2.0-official,f,,10,10,14,15,regular,left_446,left,446,reach near the tape,make some movements to reach the tape,81,56
262,A1CCWENTISCPVY,paid,M3UQ9H2M,2026-05-28 03:19:56.41,2026-05-28 03:19:59.602787,v2.0-official,f,,10,10,14,15,regular,right_201,right,201,reach and try to pick up the scrub,reach and push the scrub near to the object,28,73
262,A1CCWENTISCPVY,paid,M3UQ9H2M,2026-05-28 03:19:56.41,2026-05-28 03:19:59.602787,v2.0-official,f,,10,10,14,15,regular,left_513,left,513,reach and move the cup at the end of the table,make many attempts to reach the cup,93,56
262,A1CCWENTISCPVY,paid,M3UQ9H2M,2026-05-28 03:19:56.41,2026-05-28 03:19:59.602787,v2.0-official,f,,10,10,14,15,regular,left_219,left,219,reach near the yellow duck and fails to pick it up after many attempts,many attempts to reach the yellow duck,88,56
262,A1CCWENTISCPVY,paid,M3UQ9H2M,2026-05-28 03:19:56.41,2026-05-28 03:19:59.602787,v2.0-official,f,,10,10,14,15,regular,right_152,right,152,reach and move the small bottle,reach and move the small bottle on the left side of the table,83,89
262,A1CCWENTISCPVY,paid,M3UQ9H2M,2026-05-28 03:19:56.41,2026-05-28 03:19:59.602787,v2.0-official,f,,10,10,14,15,regular,left_174,left,174,reach and pick up the small bottle and put it on the left side of the table,reach the small bottle and fails to pick it up,88,61
262,A1CCWENTISCPVY,paid,M3UQ9H2M,2026-05-28 03:19:56.41,2026-05-28 03:19:59.602787,v2.0-official,f,,10,10,14,15,regular,same_649,same,649,reach the tape and make many attempts to pick it up,reach the tape and make many attempts to pick it up,74,74
262,A1CCWENTISCPVY,paid,M3UQ9H2M,2026-05-28 03:19:56.41,2026-05-28 03:19:59.602787,v2.0-official,f,,10,10,14,15,regular,left_67,left,67,reach and many attempts to pick up the blue cup,many attempts to reach the cups,79,61
262,A1CCWENTISCPVY,paid,M3UQ9H2M,2026-05-28 03:19:56.41,2026-05-28 03:19:59.602787,v2.0-official,f,,10,10,14,15,regular,right_194,right,194,does nothing meaningful,reach the object then reach and pick up the scrub,7,84
262,A1CCWENTISCPVY,paid,M3UQ9H2M,2026-05-28 03:19:56.41,2026-05-28 03:19:59.602787,v2.0-official,f,,10,10,14,15,regular,right_694,right,694,reach the bowl before picking up the cup,reach the cup and pick it up but fails to pour into the bowl,62,91
262,A1CCWENTISCPVY,paid,M3UQ9H2M,2026-05-28 03:19:56.41,2026-05-28 03:19:59.602787,v2.0-official,f,,10,10,14,15,regular,same_121,same,121,does nothing meaningful,does nothing meaningful,5,5
262,A1CCWENTISCPVY,paid,M3UQ9H2M,2026-05-28 03:19:56.41,2026-05-28 03:19:59.602787,v2.0-official,f,,10,10,14,15,regular,left_320,left,320,reach and move the red bowl to the black bowl,reach and make attempts to pivk up the bowl,93,67
262,A1CCWENTISCPVY,paid,M3UQ9H2M,2026-05-28 03:19:56.41,2026-05-28 03:19:59.602787,v2.0-official,f,,10,10,14,15,regular,right_331,right,331,reach the pen and push to the cup,reach the cup and push it down before completing the task,57,90
262,A1CCWENTISCPVY,paid,M3UQ9H2M,2026-05-28 03:19:56.41,2026-05-28 03:19:59.602787,v2.0-official,f,,10,10,14,15,regular,right_538,right,538,reach and move the cup at the end of the table,reach and move the cup to the right of the table,78,95
262,A1CCWENTISCPVY,paid,M3UQ9H2M,2026-05-28 03:19:56.41,2026-05-28 03:19:59.602787,v2.0-official,f,,10,10,14,15,regular,right_14,right,14,reach near the green brick,reach and pick up the green brick and put it on the bowl,64,92
262,A1CCWENTISCPVY,paid,M3UQ9H2M,2026-05-28 03:19:56.41,2026-05-28 03:19:59.602787,v2.0-official,f,,10,10,14,15,regular,right_354,right,354,try to reach near the cup,reach and pick up the cup ut put it down before completing the task,63,88
262,A1CCWENTISCPVY,paid,M3UQ9H2M,2026-05-28 03:19:56.41,2026-05-28 03:19:59.602787,v2.0-official,f,,10,10,14,15,regular,right_569,right,569,reah abd try to pick up the bowl,pick up the cup and put it down before completing the task,57,92
262,A1CCWENTISCPVY,paid,M3UQ9H2M,2026-05-28 03:19:56.41,2026-05-28 03:19:59.602787,v2.0-official,f,,10,10,14,15,regular,left_150,left,150,reach and move the small bottle on the left side of the table,reach and try to move the small bottle on the left side of the table,90,70
262,A1CCWENTISCPVY,paid,M3UQ9H2M,2026-05-28 03:19:56.41,2026-05-28 03:19:59.602787,v2.0-official,f,,10,10,14,15,regular,right_192,right,192,try to pick up the object,reach and pick up the scrub and put it down before completing the task,64,82
262,A1CCWENTISCPVY,paid,M3UQ9H2M,2026-05-28 03:19:56.41,2026-05-28 03:19:59.602787,v2.0-official,f,,10,10,14,15,regular,right_35,right,35,reah and put the green brick on the bowl after many attempts,pick up the green brick and pit it on the bowl,69,92
262,A1CCWENTISCPVY,paid,M3UQ9H2M,2026-05-28 03:19:56.41,2026-05-28 03:19:59.602787,v2.0-official,f,,10,10,14,15,regular,left_582,left,582,reach the cup and make attempts to pick it up,make attempts to reach the cup,91,59
262,A1CCWENTISCPVY,paid,M3UQ9H2M,2026-05-28 03:19:56.41,2026-05-28 03:19:59.602787,v2.0-official,f,,10,10,14,15,regular,right_209,right,209,pick up the scrub nad put it down before completing the task,pick up the scrub and put it on the jug but it fails,79,87
262,A1CCWENTISCPVY,paid,M3UQ9H2M,2026-05-28 03:19:56.41,2026-05-28 03:19:59.602787,v2.0-official,f,,10,10,14,15,regular,right_318,right,318,try to reach the bowl,reach the black bowl nad push it down before completing the task,69,87
262,A1CCWENTISCPVY,paid,M3UQ9H2M,2026-05-28 03:19:56.41,2026-05-28 03:19:59.602787,v2.0-official,f,,10,10,14,15,regular,left_136,left,136,reach near the red block,does nothing meaningful,56,7
262,A1CCWENTISCPVY,paid,M3UQ9H2M,2026-05-28 03:19:56.41,2026-05-28 03:19:59.602787,v2.0-official,f,,10,10,14,15,regular,right_563,right,563,reach near the cup and fails to pick it up,reach the circular token and many attempts to pick it up without success,64,82
262,A1CCWENTISCPVY,paid,M3UQ9H2M,2026-05-28 03:19:56.41,2026-05-28 03:19:59.602787,v2.0-official,f,,10,10,14,15,regular,left_456,left,456,reach the tape and make some attempts to pick it up,make many attempts to reach the tape,91,65
262,A1CCWENTISCPVY,paid,M3UQ9H2M,2026-05-28 03:19:56.41,2026-05-28 03:19:59.602787,v2.0-official,f,,10,10,14,15,regular,right_205,right,205,try to pick up the scrub once it reached,pick up the scrub nad put it in the jar but it fails,61,90
262,A1CCWENTISCPVY,paid,M3UQ9H2M,2026-05-28 03:19:56.41,2026-05-28 03:19:59.602787,v2.0-official,f,,10,10,14,15,regular,right_4,right,4,reach near the green brick,reach near the green brick but many attempts to pick it up,67,82
262,A1CCWENTISCPVY,paid,M3UQ9H2M,2026-05-28 03:19:56.41,2026-05-28 03:19:59.602787,v2.0-official,f,,10,10,14,15,regular,left_673,left,673,pick up the tape nad move it,make attempts to reach the tape,89,61
262,A1CCWENTISCPVY,paid,M3UQ9H2M,2026-05-28 03:19:56.41,2026-05-28 03:19:59.602787,v2.0-official,f,,10,10,14,15,regular,left_516,left,516,reach and move the cup on the right side but push it down,reach and move the cup at the end of the table,91,76
262,A1CCWENTISCPVY,paid,M3UQ9H2M,2026-05-28 03:19:56.41,2026-05-28 03:19:59.602787,v2.0-official,f,,10,10,14,15,regular,right_646,right,646,reach the lego and make attempts to pick it up then put red lego on the bowl,put a red lego on the bowl,78,85
262,A1CCWENTISCPVY,paid,M3UQ9H2M,2026-05-28 03:19:56.41,2026-05-28 03:19:59.602787,v2.0-official,f,,10,10,14,15,regular,left_679,left,679,reach and move the tape,many attempts to reach the tape,87,64
263,A32YOD79DL837P,paid,QELQB3D3,2026-05-28 05:04:27.994,2026-05-28 05:04:29.683236,v2.0-official,f,,10,10,14,15,regular,same_381,same,381,failed to pick up the pen ,failed to reach the pen ,12,7
263,A32YOD79DL837P,paid,QELQB3D3,2026-05-28 05:04:27.994,2026-05-28 05:04:29.683236,v2.0-official,f,,10,10,14,15,regular,same_316,same,316,failed to pick the bowl,failed to stack 2 bols,4,9
263,A32YOD79DL837P,paid,QELQB3D3,2026-05-28 05:04:27.994,2026-05-28 05:04:29.683236,v2.0-official,f,,10,10,14,15,regular,right_172,right,172,failed to pick up the small bottle,failed to move the bottle on the left side ,28,80
263,A32YOD79DL837P,paid,QELQB3D3,2026-05-28 05:04:27.994,2026-05-28 05:04:29.683236,v2.0-official,f,,10,10,14,15,regular,right_641,right,641,tries to pick the lego put into bowl ,failed to put the lego into he bowl ,66,79
263,A32YOD79DL837P,paid,QELQB3D3,2026-05-28 05:04:27.994,2026-05-28 05:04:29.683236,v2.0-official,f,,10,10,14,15,regular,left_4,left,4,failed to pick the green brick,failed to reach the green brick ,65,29
263,A32YOD79DL837P,paid,QELQB3D3,2026-05-28 05:04:27.994,2026-05-28 05:04:29.683236,v2.0-official,f,,10,10,14,15,regular,left_485,left,485,robot move the blue towel in to the right on the mat ,failed to reach the blue towel ,86,9
263,A32YOD79DL837P,paid,QELQB3D3,2026-05-28 05:04:27.994,2026-05-28 05:04:29.683236,v2.0-official,f,,10,10,14,15,regular,right_290,right,290,failed to pick the bowls,failed to stack 2 bowls on top of one another,18,86
263,A32YOD79DL837P,paid,QELQB3D3,2026-05-28 05:04:27.994,2026-05-28 05:04:29.683236,v2.0-official,f,,10,10,14,15,regular,left_398,left,398,successfully robot pick the mug but failed to place it,failed to pick the mug ,81,6
263,A32YOD79DL837P,paid,QELQB3D3,2026-05-28 05:04:27.994,2026-05-28 05:04:29.683236,v2.0-official,f,,10,10,14,15,regular,right_714,right,714,robot failed to pick the cup ,pick the cup to pour something granular,12,93
263,A32YOD79DL837P,paid,QELQB3D3,2026-05-28 05:04:27.994,2026-05-28 05:04:29.683236,v2.0-official,f,,10,10,14,15,regular,left_100,left,100,failed to pick the circular token ,failed to reach the circular tokens,73,22
263,A32YOD79DL837P,paid,QELQB3D3,2026-05-28 05:04:27.994,2026-05-28 05:04:29.683236,v2.0-official,f,,10,10,14,15,regular,right_373,right,373,failed to reach the pen ,failed to pick the pen,6,41
263,A32YOD79DL837P,paid,QELQB3D3,2026-05-28 05:04:27.994,2026-05-28 05:04:29.683236,v2.0-official,f,,10,10,14,15,regular,right_106,right,106,failed to reach the circular tokens ,failed to pour circular tokens into a bowl,5,41
263,A32YOD79DL837P,paid,QELQB3D3,2026-05-28 05:04:27.994,2026-05-28 05:04:29.683236,v2.0-official,f,,10,10,14,15,regular,right_638,right,638,failed to pick the lego,successfully put lego into a bowl,7,99
263,A32YOD79DL837P,paid,QELQB3D3,2026-05-28 05:04:27.994,2026-05-28 05:04:29.683236,v2.0-official,f,,10,10,14,15,regular,right_538,right,538,failed to move the cup,successfully move cup to the right of the table,8,91
263,A32YOD79DL837P,paid,QELQB3D3,2026-05-28 05:04:27.994,2026-05-28 05:04:29.683236,v2.0-official,f,,10,10,14,15,regular,same_287,same,287,failed to reach the toy bear ,failed to reach the toy bear ,2,3
263,A32YOD79DL837P,paid,QELQB3D3,2026-05-28 05:04:27.994,2026-05-28 05:04:29.683236,v2.0-official,f,,10,10,14,15,regular,right_496,right,496,failed to pick the  blue towel,successfully move the  blue towel,8,90
263,A32YOD79DL837P,paid,QELQB3D3,2026-05-28 05:04:27.994,2026-05-28 05:04:29.683236,v2.0-official,f,,10,10,14,15,regular,right_697,right,697,failed to  pour something granular,some how Use cup to pour something granular,32,75
263,A32YOD79DL837P,paid,QELQB3D3,2026-05-28 05:04:27.994,2026-05-28 05:04:29.683236,v2.0-official,f,,10,10,14,15,regular,same_249,same,249,failed to pick the yellow duck ,failed to reach the yellow duck ,5,3
263,A32YOD79DL837P,paid,QELQB3D3,2026-05-28 05:04:27.994,2026-05-28 05:04:29.683236,v2.0-official,f,,10,10,14,15,regular,left_644,left,644,successfully put lego into a bowl,failed to pick the lego,99,6
263,A32YOD79DL837P,paid,QELQB3D3,2026-05-28 05:04:27.994,2026-05-28 05:04:29.683236,v2.0-official,f,,10,10,14,15,regular,left_654,left,654,failed to pick the tape,failed to reach the tape,75,40
263,A32YOD79DL837P,paid,QELQB3D3,2026-05-28 05:04:27.994,2026-05-28 05:04:29.683236,v2.0-official,f,,10,10,14,15,regular,right_308,right,308,failed to reach the bowl,failed to pick  the bowl ,20,84
263,A32YOD79DL837P,paid,QELQB3D3,2026-05-28 05:04:27.994,2026-05-28 05:04:29.683236,v2.0-official,f,,10,10,14,15,regular,right_304,right,304,failed to reach the bowl,failed to pick the bowl,21,62
263,A32YOD79DL837P,paid,QELQB3D3,2026-05-28 05:04:27.994,2026-05-28 05:04:29.683236,v2.0-official,f,,10,10,14,15,regular,left_468,left,468,failed to move the towel on the right side of the mat,failed to reach the towel,40,9
263,A32YOD79DL837P,paid,QELQB3D3,2026-05-28 05:04:27.994,2026-05-28 05:04:29.683236,v2.0-official,f,,10,10,14,15,regular,right_228,right,228,failed to identify the yellow duck,failed to pick the yellow duck,2,15
263,A32YOD79DL837P,paid,QELQB3D3,2026-05-28 05:04:27.994,2026-05-28 05:04:29.683236,v2.0-official,f,,10,10,14,15,regular,right_469,right,469,failed to pick the blue towel,failed to move the blue towel slightly to the right on the mat,10,59
263,A32YOD79DL837P,paid,QELQB3D3,2026-05-28 05:04:27.994,2026-05-28 05:04:29.683236,v2.0-official,f,,10,10,14,15,regular,left_582,left,582,failed in grip while picking up the yellow cup,failed to pick the yellow cup,64,3
263,A32YOD79DL837P,paid,QELQB3D3,2026-05-28 05:04:27.994,2026-05-28 05:04:29.683236,v2.0-official,f,,10,10,14,15,regular,same_85,same,85,failed to reach the circular tokens ,failed to identify the circular tokens,2,2
263,A32YOD79DL837P,paid,QELQB3D3,2026-05-28 05:04:27.994,2026-05-28 05:04:29.683236,v2.0-official,f,,10,10,14,15,regular,left_451,left,451,failed to move the grey tape to the right,failed to reach the grey tape,79,4
263,A32YOD79DL837P,paid,QELQB3D3,2026-05-28 05:04:27.994,2026-05-28 05:04:29.683236,v2.0-official,f,,10,10,14,15,regular,right_121,right,121,failed to identify the yellow block ,failed to reach the yellow block ,0,22
263,A32YOD79DL837P,paid,QELQB3D3,2026-05-28 05:04:27.994,2026-05-28 05:04:29.683236,v2.0-official,f,,10,10,14,15,regular,right_750,right,750,failed to pick the cups together,failed to Stack 3 cups together,2,13
263,A32YOD79DL837P,paid,QELQB3D3,2026-05-28 05:04:27.994,2026-05-28 05:04:29.683236,v2.0-official,f,,10,10,14,15,regular,same_142,same,142,failed to put yellow block into blue cup,failed to put yellow block into blue cup,7,7
263,A32YOD79DL837P,paid,QELQB3D3,2026-05-28 05:04:27.994,2026-05-28 05:04:29.683236,v2.0-official,f,,10,10,14,15,regular,left_55,left,55,failed to stack two cups on each other,failed to reach the cup,66,11
263,A32YOD79DL837P,paid,QELQB3D3,2026-05-28 05:04:27.994,2026-05-28 05:04:29.683236,v2.0-official,f,,10,10,14,15,regular,left_755,left,755,failed to Stack 3 cups together,failed to pick the cuos,81,12
263,A32YOD79DL837P,paid,QELQB3D3,2026-05-28 05:04:27.994,2026-05-28 05:04:29.683236,v2.0-official,f,,10,10,14,15,regular,same_383,same,383,failed to reach the pen,failed to identify the pen ,2,1
263,A32YOD79DL837P,paid,QELQB3D3,2026-05-28 05:04:27.994,2026-05-28 05:04:29.683236,v2.0-official,f,,10,10,14,15,regular,left_479,left,479,failed to move the blue towel,there is no meaningful movement,29,0
263,A32YOD79DL837P,paid,QELQB3D3,2026-05-28 05:04:27.994,2026-05-28 05:04:29.683236,v2.0-official,f,,10,10,14,15,regular,left_719,left,719,successfully Use cup to pour something granular,failed to pick the cup ,77,9
263,A32YOD79DL837P,paid,QELQB3D3,2026-05-28 05:04:27.994,2026-05-28 05:04:29.683236,v2.0-official,f,,10,10,14,15,regular,left_296,left,296,failed to stack 2 bowls on top of one another,failed to pick the bowls,60,8
263,A32YOD79DL837P,paid,QELQB3D3,2026-05-28 05:04:27.994,2026-05-28 05:04:29.683236,v2.0-official,f,,10,10,14,15,regular,right_530,right,530,failed to reach the cup,failed to move the cup ,6,36
263,A32YOD79DL837P,paid,QELQB3D3,2026-05-28 05:04:27.994,2026-05-28 05:04:29.683236,v2.0-official,f,,10,10,14,15,regular,same_417,same,417,failed to move the mug towards the left ,failed to move the mug to the left,67,67
263,A32YOD79DL837P,paid,QELQB3D3,2026-05-28 05:04:27.994,2026-05-28 05:04:29.683236,v2.0-official,f,,10,10,14,15,regular,right_57,right,57,failed to stack two cups on each other,failed to stack two cups on each other,80,74
263,A32YOD79DL837P,paid,QELQB3D3,2026-05-28 05:04:27.994,2026-05-28 05:04:29.683236,v2.0-official,f,,10,10,14,15,regular,right_201,right,201,failed to take the object,failed to take the object and scrub,58,68
263,A32YOD79DL837P,paid,QELQB3D3,2026-05-28 05:04:27.994,2026-05-28 05:04:29.683236,v2.0-official,f,,10,10,14,15,regular,right_556,right,556,failed to pick the cup ,failed to pick the cup ,61,68
263,A32YOD79DL837P,paid,QELQB3D3,2026-05-28 05:04:27.994,2026-05-28 05:04:29.683236,v2.0-official,f,,10,10,14,15,regular,same_611,same,611,failed to pick the cup ,failed to pick the cup ,5,7
263,A32YOD79DL837P,paid,QELQB3D3,2026-05-28 05:04:27.994,2026-05-28 05:04:29.683236,v2.0-official,f,,10,10,14,15,regular,right_553,right,553,failed to reach the cup ,failed to pick the cup ,7,77
263,A32YOD79DL837P,paid,QELQB3D3,2026-05-28 05:04:27.994,2026-05-28 05:04:29.683236,v2.0-official,f,,10,10,14,15,regular,left_405,left,405,move the mug to the left,failed to pick the mug,84,6
263,A32YOD79DL837P,paid,QELQB3D3,2026-05-28 05:04:27.994,2026-05-28 05:04:29.683236,v2.0-official,f,,10,10,14,15,regular,left_157,left,157,failed to move the small bottle on the left side,failed to move the bottle on the left side,67,57
263,A32YOD79DL837P,paid,QELQB3D3,2026-05-28 05:04:27.994,2026-05-28 05:04:29.683236,v2.0-official,f,,10,10,14,15,regular,right_150,right,150,failed to move it on the left side of the table,successfully pick up the small bottle and put it on the left side of the table,15,81
263,A32YOD79DL837P,paid,QELQB3D3,2026-05-28 05:04:27.994,2026-05-28 05:04:29.683236,v2.0-official,f,,10,10,14,15,regular,right_113,right,113,there is no meaningful movement,failed to pick the yellow block,0,71
263,A32YOD79DL837P,paid,QELQB3D3,2026-05-28 05:04:27.994,2026-05-28 05:04:29.683236,v2.0-official,f,,10,10,14,15,regular,right_462,right,462,failed to pick the grey tape,failed to move the grey tape ,10,30
263,A32YOD79DL837P,paid,QELQB3D3,2026-05-28 05:04:27.994,2026-05-28 05:04:29.683236,v2.0-official,f,,10,10,14,15,regular,same_505,same,505,failed to pick the cup and move cup to the right of the table,failed to move cup to the right of the table,19,21
263,A32YOD79DL837P,paid,QELQB3D3,2026-05-28 05:04:27.994,2026-05-28 05:04:29.683236,v2.0-official,f,,10,10,14,15,regular,left_176,left,176,failed to move the small bottle on the left side of the table ,failed to pick the small bottle,79,13
263,A32YOD79DL837P,paid,QELQB3D3,2026-05-28 05:04:27.994,2026-05-28 05:04:29.683236,v2.0-official,f,,10,10,14,15,regular,right_98,right,98,failed to pick the circular tokens,successfully pour circular token into a bowl,63,86
263,A32YOD79DL837P,paid,QELQB3D3,2026-05-28 05:04:27.994,2026-05-28 05:04:29.683236,v2.0-official,f,,10,10,14,15,regular,same_36,same,36,failed to stack two cups on each other,failed to stack two cups on each other,32,34
263,A32YOD79DL837P,paid,QELQB3D3,2026-05-28 05:04:27.994,2026-05-28 05:04:29.683236,v2.0-official,f,,10,10,14,15,regular,same_2,same,2,failed to pick the green brick,failed to pick the green brick,12,16
263,A32YOD79DL837P,paid,QELQB3D3,2026-05-28 05:04:27.994,2026-05-28 05:04:29.683236,v2.0-official,f,,10,10,14,15,regular,same_212,same,212,failed in grip,pick the object but failed in grip,29,29
263,A32YOD79DL837P,paid,QELQB3D3,2026-05-28 05:04:27.994,2026-05-28 05:04:29.683236,v2.0-official,f,,10,10,14,15,regular,left_746,left,746,failed to pick the cup ,failed to pick the cup together,29,3
263,A32YOD79DL837P,paid,QELQB3D3,2026-05-28 05:04:27.994,2026-05-28 05:04:29.683236,v2.0-official,f,,10,10,14,15,regular,left_311,left,311,failed to  stack 2 bowls on top of one another,failed to pick the bowl,72,20
263,A32YOD79DL837P,paid,QELQB3D3,2026-05-28 05:04:27.994,2026-05-28 05:04:29.683236,v2.0-official,f,,10,10,14,15,regular,right_606,right,606,failed to pick the yellow cup ,successfully pick up yellow cup,15,100
263,A32YOD79DL837P,paid,QELQB3D3,2026-05-28 05:04:27.994,2026-05-28 05:04:29.683236,v2.0-official,f,,10,10,14,15,regular,right_44,right,44,failed to pick the cup ,failed to stack two cups on each other,28,76
263,A32YOD79DL837P,paid,QELQB3D3,2026-05-28 05:04:27.994,2026-05-28 05:04:29.683236,v2.0-official,f,,10,10,14,15,regular,left_59,left,59,failed to stack two cups on each other,failed to pick the cup ,80,21
263,A32YOD79DL837P,paid,QELQB3D3,2026-05-28 05:04:27.994,2026-05-28 05:04:29.683236,v2.0-official,f,,10,10,14,15,regular,left_96,left,96,successfully pour circular token into a bowl,failed to identify the circular tokens,91,0
263,A32YOD79DL837P,paid,QELQB3D3,2026-05-28 05:04:27.994,2026-05-28 05:04:29.683236,v2.0-official,f,,10,10,14,15,regular,same_377,same,377,failed to identify the pen,failed to identify the pen ,0,0
263,A32YOD79DL837P,paid,QELQB3D3,2026-05-28 05:04:27.994,2026-05-28 05:04:29.683236,v2.0-official,f,,10,10,14,15,regular,left_60,left,60,failed to stack two cups on each other,failed to pick the cup ,83,19
263,A32YOD79DL837P,paid,QELQB3D3,2026-05-28 05:04:27.994,2026-05-28 05:04:29.683236,v2.0-official,f,,10,10,14,15,regular,right_354,right,354,failed to identify the cup ,failed to pick the cup ,1,34
263,A32YOD79DL837P,paid,QELQB3D3,2026-05-28 05:04:27.994,2026-05-28 05:04:29.683236,v2.0-official,f,,10,10,14,15,regular,right_584,right,584,failed to pick the cup ,failed to pick the cup and hold ,61,82
263,A32YOD79DL837P,paid,QELQB3D3,2026-05-28 05:04:27.994,2026-05-28 05:04:29.683236,v2.0-official,f,,10,10,14,15,regular,right_367,right,367,there is no meaningful movement towards task,failed to pick the pen,0,17
263,A32YOD79DL837P,paid,QELQB3D3,2026-05-28 05:04:27.994,2026-05-28 05:04:29.683236,v2.0-official,f,,10,10,14,15,regular,right_667,right,667,failed to pick the tape,failed to pick the tape after multiple attempt ,5,27
263,A32YOD79DL837P,paid,QELQB3D3,2026-05-28 05:04:27.994,2026-05-28 05:04:29.683236,v2.0-official,f,,10,10,14,15,regular,right_476,right,476,failed to move the blue towel ,failed to move the blue towel slightly to the right on the mat,72,78
263,A32YOD79DL837P,paid,QELQB3D3,2026-05-28 05:04:27.994,2026-05-28 05:04:29.683236,v2.0-official,f,,10,10,14,15,regular,right_475,right,475,there is no meaningful movement,almost move the blue towel slightly to the right on the mat,0,84
263,A32YOD79DL837P,paid,QELQB3D3,2026-05-28 05:04:27.994,2026-05-28 05:04:29.683236,v2.0-official,f,,10,10,14,15,regular,right_214,right,214,failed to pick the object,failed to scrub the inside of the jug,6,36
263,A32YOD79DL837P,paid,QELQB3D3,2026-05-28 05:04:27.994,2026-05-28 05:04:29.683236,v2.0-official,f,,10,10,14,15,regular,same_217,same,217,failed to pick the yellow duck,failed to pick the yellow duck ,2,3
263,A32YOD79DL837P,paid,QELQB3D3,2026-05-28 05:04:27.994,2026-05-28 05:04:29.683236,v2.0-official,f,,10,10,14,15,regular,left_402,left,402,move the mug to the left,failed to move the mug to the left,91,9
263,A32YOD79DL837P,paid,QELQB3D3,2026-05-28 05:04:27.994,2026-05-28 05:04:29.683236,v2.0-official,f,,10,10,14,15,regular,same_658,same,658,failed to pick up the tape,failed to pick up the tape,68,58
263,A32YOD79DL837P,paid,QELQB3D3,2026-05-28 05:04:27.994,2026-05-28 05:04:29.683236,v2.0-official,f,,10,10,14,15,regular,right_303,right,303,failed to pick the bowl,failed to stack 2 bowls on top of one another,18,81
263,A32YOD79DL837P,paid,QELQB3D3,2026-05-28 05:04:27.994,2026-05-28 05:04:29.683236,v2.0-official,f,,10,10,14,15,regular,left_341,left,341,failed to pick the cup ,failed to reach the cup ,65,29
263,A32YOD79DL837P,paid,QELQB3D3,2026-05-28 05:04:27.994,2026-05-28 05:04:29.683236,v2.0-official,f,,10,10,14,15,regular,same_439,same,439,failed to pick the grey tape,failed to move the grey tape,8,11
263,A32YOD79DL837P,paid,QELQB3D3,2026-05-28 05:04:27.994,2026-05-28 05:04:29.683236,v2.0-official,f,,10,10,14,15,regular,right_501,right,501,failed to move blue towel,successfully move the blue towel slightly to the right on the mat,13,88
263,A32YOD79DL837P,paid,QELQB3D3,2026-05-28 05:04:27.994,2026-05-28 05:04:29.683236,v2.0-official,f,,10,10,14,15,regular,left_229,left,229,failed to pick the yellow duck,there is no meaningful movement ,21,0
263,A32YOD79DL837P,paid,QELQB3D3,2026-05-28 05:04:27.994,2026-05-28 05:04:29.683236,v2.0-official,f,,10,10,14,15,regular,left_669,left,669,failed to pick up the tape,failed to pick the tape ,80,37
263,A32YOD79DL837P,paid,QELQB3D3,2026-05-28 05:04:27.994,2026-05-28 05:04:29.683236,v2.0-official,f,,10,10,14,15,regular,right_194,right,194,failed to take the object and scrub the inside of the jug,failed to pick the object,22,81
263,A32YOD79DL837P,paid,QELQB3D3,2026-05-28 05:04:27.994,2026-05-28 05:04:29.683236,v2.0-official,f,,10,10,14,15,regular,left_101,left,101,failed to pick the circular tokens,failed to identify the circular tokens,70,29
263,A32YOD79DL837P,paid,QELQB3D3,2026-05-28 05:04:27.994,2026-05-28 05:04:29.683236,v2.0-official,f,,10,10,14,15,regular,left_409,left,409,Move the mug to the left,failed to move the mug to the left,94,20
263,A32YOD79DL837P,paid,QELQB3D3,2026-05-28 05:04:27.994,2026-05-28 05:04:29.683236,v2.0-official,f,,10,10,14,15,regular,right_305,right,305,failed to pick the bowls,failed to stack 2 bowls on top of one another,22,77
263,A32YOD79DL837P,paid,QELQB3D3,2026-05-28 05:04:27.994,2026-05-28 05:04:29.683236,v2.0-official,f,,10,10,14,15,regular,right_76,right,76,failed to identify the circular tokens,pour circular tokens into a bowl,17,95
263,A32YOD79DL837P,paid,QELQB3D3,2026-05-28 05:04:27.994,2026-05-28 05:04:29.683236,v2.0-official,f,,10,10,14,15,regular,right_492,right,492,failed to identify the blue towel ,Move the blue towel slightly to the right on the mat,20,84
263,A32YOD79DL837P,paid,QELQB3D3,2026-05-28 05:04:27.994,2026-05-28 05:04:29.683236,v2.0-official,f,,10,10,14,15,regular,right_12,right,12,failed to pick the green brick,failed to move the green brick into the bowl,26,70
263,A32YOD79DL837P,paid,QELQB3D3,2026-05-28 05:04:27.994,2026-05-28 05:04:29.683236,v2.0-official,f,,10,10,14,15,regular,right_17,right,17,failed to identify the green brick,failed to pick the green brick ,8,32
263,A32YOD79DL837P,paid,QELQB3D3,2026-05-28 05:04:27.994,2026-05-28 05:04:29.683236,v2.0-official,f,,10,10,14,15,regular,left_125,left,125,failed to pick the yellow block ,there is no meaningful movement ,16,0
263,A32YOD79DL837P,paid,QELQB3D3,2026-05-28 05:04:27.994,2026-05-28 05:04:29.683236,v2.0-official,f,,10,10,14,15,regular,left_414,left,414,Move the mug to the left,failed to pick the cup ,73,19
263,A32YOD79DL837P,paid,QELQB3D3,2026-05-28 05:04:27.994,2026-05-28 05:04:29.683236,v2.0-official,f,,10,10,14,15,regular,left_561,left,561,failed to pick the cup ,failed to reach the cup,14,4
263,A32YOD79DL837P,paid,QELQB3D3,2026-05-28 05:04:27.994,2026-05-28 05:04:29.683236,v2.0-official,f,,10,10,14,15,regular,left_270,left,270,failed to pick the toy bear,there is no meaningful movement ,24,0
263,A32YOD79DL837P,paid,QELQB3D3,2026-05-28 05:04:27.994,2026-05-28 05:04:29.683236,v2.0-official,f,,10,10,14,15,regular,left_685,left,685,failed to pick the cup ,failed to reach the cup,26,4
263,A32YOD79DL837P,paid,QELQB3D3,2026-05-28 05:04:27.994,2026-05-28 05:04:29.683236,v2.0-official,f,,10,10,14,15,regular,same_459,same,459,failed to pick the grey tape ,failed to pick the grey tape ,10,6
263,A32YOD79DL837P,paid,QELQB3D3,2026-05-28 05:04:27.994,2026-05-28 05:04:29.683236,v2.0-official,f,,10,10,14,15,regular,left_630,left,630,successfully put lego into a bowl,failed to pick the lego,88,8
263,A32YOD79DL837P,paid,QELQB3D3,2026-05-28 05:04:27.994,2026-05-28 05:04:29.683236,v2.0-official,f,,10,10,14,15,regular,right_390,right,390,there is no meaningful  movement ,failed to pick the pen,0,28
263,A32YOD79DL837P,paid,QELQB3D3,2026-05-28 05:04:27.994,2026-05-28 05:04:29.683236,v2.0-official,f,,10,10,14,15,regular,left_301,left,301, stack 2 bowls on top of one another but it was felt down ,failed to stack 2 bowls on top of one another,73,16
263,A32YOD79DL837P,paid,QELQB3D3,2026-05-28 05:04:27.994,2026-05-28 05:04:29.683236,v2.0-official,f,,10,10,14,15,regular,right_497,right,497,failed to move the blue towel ,successfully move the blue towel slightly to the right on the mat,10,87
263,A32YOD79DL837P,paid,QELQB3D3,2026-05-28 05:04:27.994,2026-05-28 05:04:29.683236,v2.0-official,f,,10,10,14,15,regular,left_617,left,617,successfully put lego into a bowl,failed to pick the lego,92,11
263,A32YOD79DL837P,paid,QELQB3D3,2026-05-28 05:04:27.994,2026-05-28 05:04:29.683236,v2.0-official,f,,10,10,14,15,regular,right_524,right,524,failed to move cup to the right of the table,move cup to the right of the table,19,83
263,A32YOD79DL837P,paid,QELQB3D3,2026-05-28 05:04:27.994,2026-05-28 05:04:29.683236,v2.0-official,f,,10,10,14,15,regular,left_525,left,525,failed to pick the cup ,failed to reach the cup ,27,15
263,A32YOD79DL837P,paid,QELQB3D3,2026-05-28 05:04:27.994,2026-05-28 05:04:29.683236,v2.0-official,f,,10,10,14,15,regular,left_218,left,218,failed to pick the yellow duck,failed to reach the yellow duck,16,4
263,A32YOD79DL837P,paid,QELQB3D3,2026-05-28 05:04:27.994,2026-05-28 05:04:29.683236,v2.0-official,f,,10,10,14,15,regular,right_703,right,703,failed to reach the cup ,successfully use cup to pour something granular,4,87
263,A32YOD79DL837P,paid,QELQB3D3,2026-05-28 05:04:27.994,2026-05-28 05:04:29.683236,v2.0-official,f,,10,10,14,15,regular,left_114,left,114,failed to pick the yellow block,failed to put yellow block into blue cup,6,3
263,A32YOD79DL837P,paid,QELQB3D3,2026-05-28 05:04:27.994,2026-05-28 05:04:29.683236,v2.0-official,f,,10,10,14,15,regular,same_716,same,716,failed to pick the cup ,failed to pick the cup ,3,2
263,A32YOD79DL837P,paid,QELQB3D3,2026-05-28 05:04:27.994,2026-05-28 05:04:29.683236,v2.0-official,f,,10,10,14,15,regular,left_370,left,370,failed to pick the pen,there is no meaningful movement,4,0
263,A32YOD79DL837P,paid,QELQB3D3,2026-05-28 05:04:27.994,2026-05-28 05:04:29.683236,v2.0-official,f,,10,10,14,15,regular,right_30,right,30,failed to pick the green brick,failed to move the green brick into the bowl,17,72
263,A32YOD79DL837P,paid,QELQB3D3,2026-05-28 05:04:27.994,2026-05-28 05:04:29.683236,v2.0-official,f,,10,10,14,15,regular,right_633,right,633,failed to pick the lego,failed to put lego into a bowl,9,88
263,A32YOD79DL837P,paid,QELQB3D3,2026-05-28 05:04:27.994,2026-05-28 05:04:29.683236,v2.0-official,f,,10,10,14,15,regular,left_126,left,126,failed to pick the yellow block into blue cup,failed to pick the yellow block,27,2
263,A32YOD79DL837P,paid,QELQB3D3,2026-05-28 05:04:27.994,2026-05-28 05:04:29.683236,v2.0-official,f,,10,10,14,15,regular,left_679,left,679,failed to pick up the tape,failed to reach the tape,20,3
263,A32YOD79DL837P,paid,QELQB3D3,2026-05-28 05:04:27.994,2026-05-28 05:04:29.683236,v2.0-official,f,,10,10,14,15,regular,left_272,left,272,failed to pick the toy bear,there is no meaningful movement,19,0
263,A32YOD79DL837P,paid,QELQB3D3,2026-05-28 05:04:27.994,2026-05-28 05:04:29.683236,v2.0-official,f,,10,10,14,15,regular,right_480,right,480,failed to pick the blue towel,failed to move the blue towel slightly to the right on the mat,6,31
263,A32YOD79DL837P,paid,QELQB3D3,2026-05-28 05:04:27.994,2026-05-28 05:04:29.683236,v2.0-official,f,,10,10,14,15,regular,left_552,left,552,failed to pick the cup,there is no meaningful movement,26,0
263,A32YOD79DL837P,paid,QELQB3D3,2026-05-28 05:04:27.994,2026-05-28 05:04:29.683236,v2.0-official,f,,10,10,14,15,regular,left_234,left,234,failed to pick the yellow duck,there is no meaningful movement,13,0
263,A32YOD79DL837P,paid,QELQB3D3,2026-05-28 05:04:27.994,2026-05-28 05:04:29.683236,v2.0-official,f,,10,10,14,15,regular,right_187,right,187,failed to pick the object ,failed to scrub the inside of the jug,9,31
263,A32YOD79DL837P,paid,QELQB3D3,2026-05-28 05:04:27.994,2026-05-28 05:04:29.683236,v2.0-official,f,,10,10,14,15,regular,left_428,left,428,successfully move the mug to the left,partially move the mug to the left,88,65
263,A32YOD79DL837P,paid,QELQB3D3,2026-05-28 05:04:27.994,2026-05-28 05:04:29.683236,v2.0-official,f,,10,10,14,15,regular,left_441,left,441,failed to pick the tape,failed to pick the grey tape,18,3
263,A32YOD79DL837P,paid,QELQB3D3,2026-05-28 05:04:27.994,2026-05-28 05:04:29.683236,v2.0-official,f,,10,10,14,15,regular,same_440,same,440,failed to move the grey tape to the right,failed to move the grey tape to the right,10,11
263,A32YOD79DL837P,paid,QELQB3D3,2026-05-28 05:04:27.994,2026-05-28 05:04:29.683236,v2.0-official,f,,10,10,14,15,regular,same_129,same,129,there is no meaningful movement,there is no meaningful movement ,0,0
263,A32YOD79DL837P,paid,QELQB3D3,2026-05-28 05:04:27.994,2026-05-28 05:04:29.683236,v2.0-official,f,,10,10,14,15,regular,left_483,left,483,failed to move the blue towel slightly to the right on the mat,failed to reach the blue towel,27,3
263,A32YOD79DL837P,paid,QELQB3D3,2026-05-28 05:04:27.994,2026-05-28 05:04:29.683236,v2.0-official,f,,10,10,14,15,regular,same_494,same,494,failed to reach the blue towel,failed to reach the blue towel,2,3
263,A32YOD79DL837P,paid,QELQB3D3,2026-05-28 05:04:27.994,2026-05-28 05:04:29.683236,v2.0-official,f,,10,10,14,15,regular,left_436,left,436,failed to move the grey tape to the right,failed to pick the grey tape,70,18
263,A32YOD79DL837P,paid,QELQB3D3,2026-05-28 05:04:27.994,2026-05-28 05:04:29.683236,v2.0-official,f,,10,10,14,15,regular,left_363,left,363,failed to pick the pen,there is no meaningful movement,13,2
263,A32YOD79DL837P,paid,QELQB3D3,2026-05-28 05:04:27.994,2026-05-28 05:04:29.683236,v2.0-official,f,,10,10,14,15,regular,right_352,right,352,failed to pick the cup ,failed to pick the cup ,6,16
263,A32YOD79DL837P,paid,QELQB3D3,2026-05-28 05:04:27.994,2026-05-28 05:04:29.683236,v2.0-official,f,,10,10,14,15,regular,right_705,right,705,failed to pick the cup ,failed to pick the cup ,6,15
263,A32YOD79DL837P,paid,QELQB3D3,2026-05-28 05:04:27.994,2026-05-28 05:04:29.683236,v2.0-official,f,,10,10,14,15,regular,left_513,left,513,failed to move cup to the right of the table,failed to pick the cup ,19,2
263,A32YOD79DL837P,paid,QELQB3D3,2026-05-28 05:04:27.994,2026-05-28 05:04:29.683236,v2.0-official,f,,10,10,14,15,regular,left_219,left,219,failed to pick the yellow duck,there is no meaningful movement,22,0
263,A32YOD79DL837P,paid,QELQB3D3,2026-05-28 05:04:27.994,2026-05-28 05:04:29.683236,v2.0-official,f,,10,10,14,15,regular,left_325,left,325,failed to pick the cup ,failed to reach the cup,16,3
263,A32YOD79DL837P,paid,QELQB3D3,2026-05-28 05:04:27.994,2026-05-28 05:04:29.683236,v2.0-official,f,,10,10,14,15,regular,right_576,right,576,failed to pick the cup, pick up yellow cup but failed to hold it,19,75
263,A32YOD79DL837P,paid,QELQB3D3,2026-05-28 05:04:27.994,2026-05-28 05:04:29.683236,v2.0-official,f,,10,10,14,15,regular,left_643,left,643,put lego into a bowl,failed to put lego into a bowl,93,5
263,A32YOD79DL837P,paid,QELQB3D3,2026-05-28 05:04:27.994,2026-05-28 05:04:29.683236,v2.0-official,f,,10,10,14,15,regular,right_307,right,307,failed to reach the bowl,failed to pick the bowl,13,23
263,A32YOD79DL837P,paid,QELQB3D3,2026-05-28 05:04:27.994,2026-05-28 05:04:29.683236,v2.0-official,f,,10,10,14,15,regular,right_560,right,560,there is no meaningful movement,failed to pick the cup ,0,21
263,A32YOD79DL837P,paid,QELQB3D3,2026-05-28 05:04:27.994,2026-05-28 05:04:29.683236,v2.0-official,f,,10,10,14,15,regular,same_362,same,362,there is no meaningful movement,there is no meaningful movement,0,0
263,A32YOD79DL837P,paid,QELQB3D3,2026-05-28 05:04:27.994,2026-05-28 05:04:29.683236,v2.0-official,f,,10,10,14,15,regular,right_28,right,28,failed to reach the green brick,failed to pick the green brick,4,21
263,A32YOD79DL837P,paid,QELQB3D3,2026-05-28 05:04:27.994,2026-05-28 05:04:29.683236,v2.0-official,f,,10,10,14,15,regular,right_418,right,418,failed to pick the cup ,successfully move the mug to the left,5,94
263,A32YOD79DL837P,paid,QELQB3D3,2026-05-28 05:04:27.994,2026-05-28 05:04:29.683236,v2.0-official,f,,10,10,14,15,regular,same_736,same,736,failed to stack 3 cups together,failed to stack 3 cups together,0,0
264,A1HSI7UUYP5PM3,paid,SENTE6QM,2026-05-28 05:38:52.957,2026-05-28 05:38:53.632053,v2.0-official,f,,9,10,14,15,regular,left_86,left,86,pick up the cup and pour into the bowl,reach the cup and many attempts to pick it up,78,66
264,A1HSI7UUYP5PM3,paid,SENTE6QM,2026-05-28 05:38:52.957,2026-05-28 05:38:53.632053,v2.0-official,f,,9,10,14,15,regular,left_570,left,570,pick up the cup and stack on the bowl,try to reach the cup,99,55
264,A1HSI7UUYP5PM3,paid,SENTE6QM,2026-05-28 05:38:52.957,2026-05-28 05:38:53.632053,v2.0-official,f,,9,10,14,15,regular,left_331,left,331,recognize the cup and push the pen to the cup,place the pen instead of the cup,74,61
264,A1HSI7UUYP5PM3,paid,SENTE6QM,2026-05-28 05:38:52.957,2026-05-28 05:38:53.632053,v2.0-official,f,,9,10,14,15,regular,right_490,right,490,reach near the blue towel,reach the blue towel and make attempts to pick it up,61,82
264,A1HSI7UUYP5PM3,paid,SENTE6QM,2026-05-28 05:38:52.957,2026-05-28 05:38:53.632053,v2.0-official,f,,9,10,14,15,regular,right_518,right,518,pick the cup and move at the end of the table,pick the cup and  move cup to the right of the table,61,92
264,A1HSI7UUYP5PM3,paid,SENTE6QM,2026-05-28 05:38:52.957,2026-05-28 05:38:53.632053,v2.0-official,f,,9,10,14,15,regular,same_121,same,121,does nothing meaningful,does nothing meaningful,9,4
264,A1HSI7UUYP5PM3,paid,SENTE6QM,2026-05-28 05:38:52.957,2026-05-28 05:38:53.632053,v2.0-official,f,,9,10,14,15,regular,right_339,right,339,try to reach the cup,make many attempts to reach and pick up the cup,60,79
264,A1HSI7UUYP5PM3,paid,SENTE6QM,2026-05-28 05:38:52.957,2026-05-28 05:38:53.632053,v2.0-official,f,,9,10,14,15,regular,right_599,right,599,reach and pick up the yellow cup,reach and pick up the yellow cup and place it on the bowl,93,94
264,A1HSI7UUYP5PM3,paid,SENTE6QM,2026-05-28 05:38:52.957,2026-05-28 05:38:53.632053,v2.0-official,f,,9,10,14,15,regular,left_720,left,720,reach the blue cup and try to stack it,reach the cups nad try to stack but push it all down,87,62
264,A1HSI7UUYP5PM3,paid,SENTE6QM,2026-05-28 05:38:52.957,2026-05-28 05:38:53.632053,v2.0-official,f,,9,10,14,15,regular,right_384,right,384,reach the cup before picking up the pen,reach the pen and make attempts to pick it up,65,89
264,A1HSI7UUYP5PM3,paid,SENTE6QM,2026-05-28 05:38:52.957,2026-05-28 05:38:53.632053,v2.0-official,f,,9,10,14,15,regular,same_188,same,188,does nothing meaningful,does nothing meaningful,12,10
264,A1HSI7UUYP5PM3,paid,SENTE6QM,2026-05-28 05:38:52.957,2026-05-28 05:38:53.632053,v2.0-official,f,,9,10,14,15,regular,left_432,left,432,reach and pick up the tape,reach only near the tape,90,66
264,A1HSI7UUYP5PM3,paid,SENTE6QM,2026-05-28 05:38:52.957,2026-05-28 05:38:53.632053,v2.0-official,f,,9,10,14,15,regular,right_354,right,354,make attempts to reach the cup,pivk up the cup but put it down before completing the task,23,79
264,A1HSI7UUYP5PM3,paid,SENTE6QM,2026-05-28 05:38:52.957,2026-05-28 05:38:53.632053,v2.0-official,f,,9,10,14,15,regular,left_313,left,313,reach and move the red bowl to the black bowl,make attempts to reach the bowls,91,76
264,A1HSI7UUYP5PM3,paid,SENTE6QM,2026-05-28 05:38:52.957,2026-05-28 05:38:53.632053,v2.0-official,f,,9,10,14,15,regular,left_670,left,670,raech and pick up the tape but move aside,reach and move the tape,89,79
264,A1HSI7UUYP5PM3,paid,SENTE6QM,2026-05-28 05:38:52.957,2026-05-28 05:38:53.632053,v2.0-official,f,,9,10,14,15,regular,right_12,right,12,reach near the green brick,pick up the green brick and put into the bowl,68,93
264,A1HSI7UUYP5PM3,paid,SENTE6QM,2026-05-28 05:38:52.957,2026-05-28 05:38:53.632053,v2.0-official,f,,9,10,14,15,regular,right_152,right,152,reach and move the bottle,reach and move the small bottle on the left side of the table,79,85
264,A1HSI7UUYP5PM3,paid,SENTE6QM,2026-05-28 05:38:52.957,2026-05-28 05:38:53.632053,v2.0-official,f,,9,10,14,15,regular,same_386,same,386,try to reach the mug before picking up the pen,try to reach the mug before picking up the pen,63,64
264,A1HSI7UUYP5PM3,paid,SENTE6QM,2026-05-28 05:38:52.957,2026-05-28 05:38:53.632053,v2.0-official,f,,9,10,14,15,regular,right_39,right,39,reach and push the blue cup,reach and pick up the blue cup but drop it before completing the task,61,92
264,A1HSI7UUYP5PM3,paid,SENTE6QM,2026-05-28 05:38:52.957,2026-05-28 05:38:53.632053,v2.0-official,f,,9,10,14,15,regular,same_134,same,134,does nothing meaningful,does nothing meaningful,7,7
264,A1HSI7UUYP5PM3,paid,SENTE6QM,2026-05-28 05:38:52.957,2026-05-28 05:38:53.632053,v2.0-official,f,,9,10,14,15,regular,left_537,left,537,reach and move the cup ,many attempts to reach the cup,88,58
264,A1HSI7UUYP5PM3,paid,SENTE6QM,2026-05-28 05:38:52.957,2026-05-28 05:38:53.632053,v2.0-official,f,,9,10,14,15,regular,right_28,right,28,reach only near the green brick,pick up and put the green brick into the bowl,56,86
264,A1HSI7UUYP5PM3,paid,SENTE6QM,2026-05-28 05:38:52.957,2026-05-28 05:38:53.632053,v2.0-official,f,,9,10,14,15,regular,same_238,same,238,many attempts to reach the yellow ducjk,many attempts to reach the yellow ducjk,66,66
264,A1HSI7UUYP5PM3,paid,SENTE6QM,2026-05-28 05:38:52.957,2026-05-28 05:38:53.632053,v2.0-official,f,,9,10,14,15,regular,right_555,right,555,reach the bowl before picking up the cup,many attempts to pick up the cup,63,87
264,A1HSI7UUYP5PM3,paid,SENTE6QM,2026-05-28 05:38:52.957,2026-05-28 05:38:53.632053,v2.0-official,f,,9,10,14,15,regular,right_540,right,540,reach near the bowl,many attempts to pick up the cup but slightly push the bowl,60,85
264,A1HSI7UUYP5PM3,paid,SENTE6QM,2026-05-28 05:38:52.957,2026-05-28 05:38:53.632053,v2.0-official,f,,9,10,14,15,regular,right_122,right,122,does nothing meaningful,reach and try to pick up the yellow block,59,81
264,A1HSI7UUYP5PM3,paid,SENTE6QM,2026-05-28 05:38:52.957,2026-05-28 05:38:53.632053,v2.0-official,f,,9,10,14,15,regular,right_156,right,156,reach and move the small bottlle at the end of the table,reach and move the small bottle on the left side of the table,64,93
264,A1HSI7UUYP5PM3,paid,SENTE6QM,2026-05-28 05:38:52.957,2026-05-28 05:38:53.632053,v2.0-official,f,,9,10,14,15,regular,left_713,left,713,reach the cup but push it down instead of picking it up,many attempts to reach the cup,87,59
264,A1HSI7UUYP5PM3,paid,SENTE6QM,2026-05-28 05:38:52.957,2026-05-28 05:38:53.632053,v2.0-official,f,,9,10,14,15,regular,left_102,left,102,reach and attempt to pick up the circular token,try to reach the token,87,58
264,A1HSI7UUYP5PM3,paid,SENTE6QM,2026-05-28 05:38:52.957,2026-05-28 05:38:53.632053,v2.0-official,f,,9,10,14,15,regular,left_131,left,131,raech near the red block,does nothing meaningful,62,11
264,A1HSI7UUYP5PM3,paid,SENTE6QM,2026-05-28 05:38:52.957,2026-05-28 05:38:53.632053,v2.0-official,f,,9,10,14,15,regular,left_450,left,450,reach and pick up the tape,only reach near the tape,86,60
264,A1HSI7UUYP5PM3,paid,SENTE6QM,2026-05-28 05:38:52.957,2026-05-28 05:38:53.632053,v2.0-official,f,,9,10,14,15,regular,right_495,right,495,reach near the blue towel,reach nad move the blue towel,61,89
264,A1HSI7UUYP5PM3,paid,SENTE6QM,2026-05-28 05:38:52.957,2026-05-28 05:38:53.632053,v2.0-official,f,,9,10,14,15,regular,left_47,left,47,pick up the blue cup and place it near the red cup,pivk up the blue cup and drop it down,83,60
264,A1HSI7UUYP5PM3,paid,SENTE6QM,2026-05-28 05:38:52.957,2026-05-28 05:38:53.632053,v2.0-official,f,,9,10,14,15,regular,right_651,right,651,reach the tape,reach and pick up the tape,59,86
264,A1HSI7UUYP5PM3,paid,SENTE6QM,2026-05-28 05:38:52.957,2026-05-28 05:38:53.632053,v2.0-official,f,,9,10,14,15,regular,right_496,right,496,only reach near the blue towel,reach and move the blue towelslightly to the right on the mat,58,92
264,A1HSI7UUYP5PM3,paid,SENTE6QM,2026-05-28 05:38:52.957,2026-05-28 05:38:53.632053,v2.0-official,f,,9,10,14,15,regular,same_22,same,22,only reach near the green brick and make some attempts to pick it up,only reach near the green brick and make some attempts to pick it up,82,82
264,A1HSI7UUYP5PM3,paid,SENTE6QM,2026-05-28 05:38:52.957,2026-05-28 05:38:53.632053,v2.0-official,f,,9,10,14,15,regular,right_408,right,408,does nothing meaningful,pick up the mug and move it,15,73
264,A1HSI7UUYP5PM3,paid,SENTE6QM,2026-05-28 05:38:52.957,2026-05-28 05:38:53.632053,v2.0-official,f,,9,10,14,15,regular,same_109,same,109,does nothing meaningful,does nothing meaningful,18,17
264,A1HSI7UUYP5PM3,paid,SENTE6QM,2026-05-28 05:38:52.957,2026-05-28 05:38:53.632053,v2.0-official,f,,9,10,14,15,regular,left_738,left,738,reach and attempt to pick up the red cup,reach and push all the cups,79,63
264,A1HSI7UUYP5PM3,paid,SENTE6QM,2026-05-28 05:38:52.957,2026-05-28 05:38:53.632053,v2.0-official,f,,9,10,14,15,regular,same_466,same,466,make attempts to reach the tape,make attempts to reach the tape,59,59
264,A1HSI7UUYP5PM3,paid,SENTE6QM,2026-05-28 05:38:52.957,2026-05-28 05:38:53.632053,v2.0-official,f,,9,10,14,15,regular,right_304,right,304,make attempts to reach the bowl,reach and push the red bowl then reach the black bowl,59,80
264,A1HSI7UUYP5PM3,paid,SENTE6QM,2026-05-28 05:38:52.957,2026-05-28 05:38:53.632053,v2.0-official,f,,9,10,14,15,regular,right_529,right,529,reach and make attempts to pick it up,reach and push the cup,62,81
264,A1HSI7UUYP5PM3,paid,SENTE6QM,2026-05-28 05:38:52.957,2026-05-28 05:38:53.632053,v2.0-official,f,,9,10,14,15,regular,right_489,right,489,attempt to reach the blue towel,only reach the blue towel,64,75
264,A1HSI7UUYP5PM3,paid,SENTE6QM,2026-05-28 05:38:52.957,2026-05-28 05:38:53.632053,v2.0-official,f,,9,10,14,15,regular,right_66,right,66,reach and try to pick up the cups,reach and pick up the blue cup but drop it before completing the task,58,82
264,A1HSI7UUYP5PM3,paid,SENTE6QM,2026-05-28 05:38:52.957,2026-05-28 05:38:53.632053,v2.0-official,f,,9,10,14,15,regular,left_111,left,111,does nothing meanigful,reach near the red block,19,28
264,A1HSI7UUYP5PM3,paid,SENTE6QM,2026-05-28 05:38:52.957,2026-05-28 05:38:53.632053,v2.0-official,f,,9,10,14,15,regular,right_31,right,31,push the bowl on the way to reach the green berick,pick up the green brick and place it on the bowl,60,84
264,A1HSI7UUYP5PM3,paid,SENTE6QM,2026-05-28 05:38:52.957,2026-05-28 05:38:53.632053,v2.0-official,f,,9,10,14,15,regular,left_398,left,398,reach and move the mug to the left,reach and make attempts to pick it up,89,58
264,A1HSI7UUYP5PM3,paid,SENTE6QM,2026-05-28 05:38:52.957,2026-05-28 05:38:53.632053,v2.0-official,f,,9,10,14,15,regular,left_747,left,747,reach and make attempts to pick up red than yellow cup,reach and make attempts to pickup the cups,83,58
264,A1HSI7UUYP5PM3,paid,SENTE6QM,2026-05-28 05:38:52.957,2026-05-28 05:38:53.632053,v2.0-official,f,,9,10,14,15,regular,left_215,left,215,pick up the scrub but drop it before completing thev task,pick up the scissor then pick up the scrub but drop it before completing the task,83,79
264,A1HSI7UUYP5PM3,paid,SENTE6QM,2026-05-28 05:38:52.957,2026-05-28 05:38:53.632053,v2.0-official,f,,9,10,14,15,regular,right_480,right,480,reach and move the blue towel away from the mat,reach and Move the blue towel slightly to the right on the mat,62,88
264,A1HSI7UUYP5PM3,paid,SENTE6QM,2026-05-28 05:38:52.957,2026-05-28 05:38:53.632053,v2.0-official,f,,9,10,14,15,regular,right_744,right,744,reach and make attempts to pick the blue cup,reach and pick up thr blue cup,62,72
264,A1HSI7UUYP5PM3,paid,SENTE6QM,2026-05-28 05:38:52.957,2026-05-28 05:38:53.632053,v2.0-official,f,,9,10,14,15,regular,right_325,right,325,pick up the pen insteda of the cup,reach and make attempts to pick up the cup but failed to it pick up pen instead of cup,63,80
264,A1HSI7UUYP5PM3,paid,SENTE6QM,2026-05-28 05:38:52.957,2026-05-28 05:38:53.632053,v2.0-official,f,,9,10,14,15,regular,right_709,right,709,reach the bowl without picking up the cup,reach the cup and many attempts to pick it up,58,84
264,A1HSI7UUYP5PM3,paid,SENTE6QM,2026-05-28 05:38:52.957,2026-05-28 05:38:53.632053,v2.0-official,f,,9,10,14,15,regular,same_1,same,1,reach only near the green brick,reach only near the green brick,58,60
264,A1HSI7UUYP5PM3,paid,SENTE6QM,2026-05-28 05:38:52.957,2026-05-28 05:38:53.632053,v2.0-official,f,,9,10,14,15,regular,right_658,right,658,reach only near the tape,reach and move the tape,58,85
264,A1HSI7UUYP5PM3,paid,SENTE6QM,2026-05-28 05:38:52.957,2026-05-28 05:38:53.632053,v2.0-official,f,,9,10,14,15,regular,left_46,left,46,reach and pick up the blue bowl but put it down before completing the task,reach and attempt to pick up the blue cup,86,57
264,A1HSI7UUYP5PM3,paid,SENTE6QM,2026-05-28 05:38:52.957,2026-05-28 05:38:53.632053,v2.0-official,f,,9,10,14,15,regular,left_272,left,272,reach and attempt to pick up the toy bear,does nothing meaningful,84,12
264,A1HSI7UUYP5PM3,paid,SENTE6QM,2026-05-28 05:38:52.957,2026-05-28 05:38:53.632053,v2.0-official,f,,9,10,14,15,regular,left_302,left,302,pick up the black bowl and push all the bowl,make attempt to reach the bowl,77,58
264,A1HSI7UUYP5PM3,paid,SENTE6QM,2026-05-28 05:38:52.957,2026-05-28 05:38:53.632053,v2.0-official,f,,9,10,14,15,regular,left_661,left,661,only reach near the tape,make attempt to reach the tape,75,57
264,A1HSI7UUYP5PM3,paid,SENTE6QM,2026-05-28 05:38:52.957,2026-05-28 05:38:53.632053,v2.0-official,f,,9,10,14,15,regular,left_463,left,463,reach near the tape and make attempt to pick it up,make attempts to reach the tape,82,60
264,A1HSI7UUYP5PM3,paid,SENTE6QM,2026-05-28 05:38:52.957,2026-05-28 05:38:53.632053,v2.0-official,f,,9,10,14,15,regular,left_162,left,162,reach and move the small bottle on the left side,reach and push the small bottle slightly away from its original position,83,68
264,A1HSI7UUYP5PM3,paid,SENTE6QM,2026-05-28 05:38:52.957,2026-05-28 05:38:53.632053,v2.0-official,f,,9,10,14,15,regular,left_322,left,322,to pick up the black bowl and try to stack it on red,attempts to pick up tjhe bowl,87,59
264,A1HSI7UUYP5PM3,paid,SENTE6QM,2026-05-28 05:38:52.957,2026-05-28 05:38:53.632053,v2.0-official,f,,9,10,14,15,regular,left_675,left,675,reach and move the tape,attempts to reach the tape,82,61
264,A1HSI7UUYP5PM3,paid,SENTE6QM,2026-05-28 05:38:52.957,2026-05-28 05:38:53.632053,v2.0-official,f,,9,10,14,15,regular,left_349,left,349,make many attempts to reach the cup,pick up and place the pen to the sheet instead of the cup,83,37
264,A1HSI7UUYP5PM3,paid,SENTE6QM,2026-05-28 05:38:52.957,2026-05-28 05:38:53.632053,v2.0-official,f,,9,10,14,15,regular,left_233,left,233,many attempts to pick up the yellow duck,many attempta to reach the yellow duck,85,57
264,A1HSI7UUYP5PM3,paid,SENTE6QM,2026-05-28 05:38:52.957,2026-05-28 05:38:53.632053,v2.0-official,f,,9,10,14,15,regular,right_38,right,38,pick up the blue cup and throw away,pick up the blue cup and try to place it near the red cup,57,74
264,A1HSI7UUYP5PM3,paid,SENTE6QM,2026-05-28 05:38:52.957,2026-05-28 05:38:53.632053,v2.0-official,f,,9,10,14,15,regular,left_710,left,710,pick up the cup and put it down before completing the task,many attempts to pick up the cup,81,60
264,A1HSI7UUYP5PM3,paid,SENTE6QM,2026-05-28 05:38:52.957,2026-05-28 05:38:53.632053,v2.0-official,f,,9,10,14,15,regular,right_407,right,407,reach and push away the mug,reach and move the mug on the left,72,84
264,A1HSI7UUYP5PM3,paid,SENTE6QM,2026-05-28 05:38:52.957,2026-05-28 05:38:53.632053,v2.0-official,f,,9,10,14,15,regular,right_98,right,98,reach and many attempt to pick up the circular token,pick up the circular token and put it on the bowl,72,85
264,A1HSI7UUYP5PM3,paid,SENTE6QM,2026-05-28 05:38:52.957,2026-05-28 05:38:53.632053,v2.0-official,f,,9,10,14,15,regular,right_524,right,524,reach and move the cup at the end of the table,reach and move the cup on the right side,60,88
264,A1HSI7UUYP5PM3,paid,SENTE6QM,2026-05-28 05:38:52.957,2026-05-28 05:38:53.632053,v2.0-official,f,,9,10,14,15,regular,right_473,right,473,does nothing meaningful,only reach near the blue towel,31,80
264,A1HSI7UUYP5PM3,paid,SENTE6QM,2026-05-28 05:38:52.957,2026-05-28 05:38:53.632053,v2.0-official,f,,9,10,14,15,regular,right_471,right,471,just push the towel after does nothing meaingful,reach near the blue towel,56,89
264,A1HSI7UUYP5PM3,paid,SENTE6QM,2026-05-28 05:38:52.957,2026-05-28 05:38:53.632053,v2.0-official,f,,9,10,14,15,regular,left_60,left,60,pick up the blue cup andtry to  place it near the red,many attempts to pick up the blue cup,76,55
264,A1HSI7UUYP5PM3,paid,SENTE6QM,2026-05-28 05:38:52.957,2026-05-28 05:38:53.632053,v2.0-official,f,,9,10,14,15,regular,left_655,left,655,reach only near the tape,many attempts to reach the tape,79,60
264,A1HSI7UUYP5PM3,paid,SENTE6QM,2026-05-28 05:38:52.957,2026-05-28 05:38:53.632053,v2.0-official,f,,9,10,14,15,regular,right_689,right,689,many attempts to reach and pick up the cup,reach and pick up the cup only,62,81
264,A1HSI7UUYP5PM3,paid,SENTE6QM,2026-05-28 05:38:52.957,2026-05-28 05:38:53.632053,v2.0-official,f,,9,10,14,15,regular,right_544,right,544,reach near the bowl,pick up and put a cup on the bowl,61,100
264,A1HSI7UUYP5PM3,paid,SENTE6QM,2026-05-28 05:38:52.957,2026-05-28 05:38:53.632053,v2.0-official,f,,9,10,14,15,regular,left_595,left,595,pick up and put a yellow cup on the bowl,many attempts to pick up the bowl,93,62
264,A1HSI7UUYP5PM3,paid,SENTE6QM,2026-05-28 05:38:52.957,2026-05-28 05:38:53.632053,v2.0-official,f,,9,10,14,15,regular,same_26,same,26,reach only near the green brick,reach only near the green brick,64,65
264,A1HSI7UUYP5PM3,paid,SENTE6QM,2026-05-28 05:38:52.957,2026-05-28 05:38:53.632053,v2.0-official,f,,9,10,14,15,regular,right_3,right,3,reach only near the brick ,reach near the brick and try to pick it up,56,76
264,A1HSI7UUYP5PM3,paid,SENTE6QM,2026-05-28 05:38:52.957,2026-05-28 05:38:53.632053,v2.0-official,f,,9,10,14,15,regular,left_356,left,356,attempts to reach near the cup,place the pen on the sheet instead of the cup,64,14
264,A1HSI7UUYP5PM3,paid,SENTE6QM,2026-05-28 05:38:52.957,2026-05-28 05:38:53.632053,v2.0-official,f,,9,10,14,15,regular,right_205,right,205,reach the scrub only,pick up the scrub and put it down before completing the task,58,87
264,A1HSI7UUYP5PM3,paid,SENTE6QM,2026-05-28 05:38:52.957,2026-05-28 05:38:53.632053,v2.0-official,f,,9,10,14,15,regular,left_125,left,125,try to reach near the yellow block,does nothing meaningful,73,20
264,A1HSI7UUYP5PM3,paid,SENTE6QM,2026-05-28 05:38:52.957,2026-05-28 05:38:53.632053,v2.0-official,f,,9,10,14,15,regular,left_311,left,311,reach and move the red bowl near the black,reach and pick up the black bowl only,83,62
264,A1HSI7UUYP5PM3,paid,SENTE6QM,2026-05-28 05:38:52.957,2026-05-28 05:38:53.632053,v2.0-official,f,,9,10,14,15,regular,right_5,right,5,only reach near the green brick,reach and pick up the green brick but failed to put it on the bowl,58,72
264,A1HSI7UUYP5PM3,paid,SENTE6QM,2026-05-28 05:38:52.957,2026-05-28 05:38:53.632053,v2.0-official,f,,9,10,14,15,regular,left_220,left,220,reach the yellow duck,attempts to reach the duck,75,55
264,A1HSI7UUYP5PM3,paid,SENTE6QM,2026-05-28 05:38:52.957,2026-05-28 05:38:53.632053,v2.0-official,f,,9,10,14,15,regular,right_185,right,185,does nothing meaningful,pick up the scrub and put it down before completing the task,11,91
264,A1HSI7UUYP5PM3,paid,SENTE6QM,2026-05-28 05:38:52.957,2026-05-28 05:38:53.632053,v2.0-official,f,,9,10,14,15,regular,left_147,left,147,reach and move the bottle on the left side again bring its original position.,reach and roll the small bottle,72,61
264,A1HSI7UUYP5PM3,paid,SENTE6QM,2026-05-28 05:38:52.957,2026-05-28 05:38:53.632053,v2.0-official,f,,9,10,14,15,regular,left_545,left,545,reach only near the bowl,does nothing meaningful,62,19
264,A1HSI7UUYP5PM3,paid,SENTE6QM,2026-05-28 05:38:52.957,2026-05-28 05:38:53.632053,v2.0-official,f,,9,10,14,15,regular,same_181,same,181,does nothing meaningful,does nothing meaningful,9,9
264,A1HSI7UUYP5PM3,paid,SENTE6QM,2026-05-28 05:38:52.957,2026-05-28 05:38:53.632053,v2.0-official,f,,9,10,14,15,regular,right_502,right,502,attempts to reach the blue towel,reach and move the does nothing meaningful,58,86
264,A1HSI7UUYP5PM3,paid,SENTE6QM,2026-05-28 05:38:52.957,2026-05-28 05:38:53.632053,v2.0-official,f,,9,10,14,15,regular,left_520,left,520,reach and move the cup at the end of the table,reach and slightly move the cup from its original position,75,58
264,A1HSI7UUYP5PM3,paid,SENTE6QM,2026-05-28 05:38:52.957,2026-05-28 05:38:53.632053,v2.0-official,f,,9,10,14,15,regular,right_190,right,190,does nothing meaningful,pick up the scrub and move to the object,13,79
264,A1HSI7UUYP5PM3,paid,SENTE6QM,2026-05-28 05:38:52.957,2026-05-28 05:38:53.632053,v2.0-official,f,,9,10,14,15,regular,left_508,left,508,reach and move the cup at the end of the table,attempts to reach the cup,78,54
264,A1HSI7UUYP5PM3,paid,SENTE6QM,2026-05-28 05:38:52.957,2026-05-28 05:38:53.632053,v2.0-official,f,,9,10,14,15,regular,left_727,left,727,pick up the blue cup but drop it before completing the task,many attempts to reach the cups.,86,59
264,A1HSI7UUYP5PM3,paid,SENTE6QM,2026-05-28 05:38:52.957,2026-05-28 05:38:53.632053,v2.0-official,f,,9,10,14,15,regular,right_492,right,492,reach only near the blue towel,reach and move the blue towel and also move the mat,62,76
264,A1HSI7UUYP5PM3,paid,SENTE6QM,2026-05-28 05:38:52.957,2026-05-28 05:38:53.632053,v2.0-official,f,,9,10,14,15,regular,left_410,left,410,reach and move the mug to the left,reach and try to move the mug,85,56
264,A1HSI7UUYP5PM3,paid,SENTE6QM,2026-05-28 05:38:52.957,2026-05-28 05:38:53.632053,v2.0-official,f,,9,10,14,15,regular,left_158,left,158,reach and move the small bottle on the left side,does nothing meaningful,83,56
264,A1HSI7UUYP5PM3,paid,SENTE6QM,2026-05-28 05:38:52.957,2026-05-28 05:38:53.632053,v2.0-official,f,,9,10,14,15,regular,left_448,left,448,reach and close the gripper before picking it up,many attempts to reach the tape,83,54
264,A1HSI7UUYP5PM3,paid,SENTE6QM,2026-05-28 05:38:52.957,2026-05-28 05:38:53.632053,v2.0-official,f,,9,10,14,15,regular,right_341,right,341,does nothing meaningful,only reach near the cup,19,59
264,A1HSI7UUYP5PM3,paid,SENTE6QM,2026-05-28 05:38:52.957,2026-05-28 05:38:53.632053,v2.0-official,f,,9,10,14,15,regular,left_648,left,648,reach and move the tape,only reach near the tape,86,59
264,A1HSI7UUYP5PM3,paid,SENTE6QM,2026-05-28 05:38:52.957,2026-05-28 05:38:53.632053,v2.0-official,f,,9,10,14,15,regular,left_653,left,653,reach and move the tape,many attempts to reach the tape,79,61
264,A1HSI7UUYP5PM3,paid,SENTE6QM,2026-05-28 05:38:52.957,2026-05-28 05:38:53.632053,v2.0-official,f,,9,10,14,15,regular,right_715,right,715,reach and many many attempts to pick up the cup,pick up the cup and drop it before completing the task,57,80
264,A1HSI7UUYP5PM3,paid,SENTE6QM,2026-05-28 05:38:52.957,2026-05-28 05:38:53.632053,v2.0-official,f,,9,10,14,15,regular,right_35,right,35,reach and pick up the green brick after many attempt,reach and pick up the green brick then put it on the bowl,65,84
264,A1HSI7UUYP5PM3,paid,SENTE6QM,2026-05-28 05:38:52.957,2026-05-28 05:38:53.632053,v2.0-official,f,,9,10,14,15,regular,left_695,left,695,reach the bowl first then pick up the cup and put it on the bowl,reach the bowl and make many attempts to pick up the cup ,98,58
264,A1HSI7UUYP5PM3,paid,SENTE6QM,2026-05-28 05:38:52.957,2026-05-28 05:38:53.632053,v2.0-official,f,,9,10,14,15,regular,left_485,left,485,reach and move thw blue towel at the end of the table,only reach the blue towel,86,56
264,A1HSI7UUYP5PM3,paid,SENTE6QM,2026-05-28 05:38:52.957,2026-05-28 05:38:53.632053,v2.0-official,f,,9,10,14,15,regular,left_277,left,277,reach the toy bear,does nothing meaningful,69,55
264,A1HSI7UUYP5PM3,paid,SENTE6QM,2026-05-28 05:38:52.957,2026-05-28 05:38:53.632053,v2.0-official,f,,9,10,14,15,regular,left_95,left,95,pick and put a circular token into the bowl,does nothing meaningful,98,17
264,A1HSI7UUYP5PM3,paid,SENTE6QM,2026-05-28 05:38:52.957,2026-05-28 05:38:53.632053,v2.0-official,f,,9,10,14,15,regular,right_550,right,550,attempts to reach the cup,reach the cup and attempts to pick it up but push the bowl,64,82
264,A1HSI7UUYP5PM3,paid,SENTE6QM,2026-05-28 05:38:52.957,2026-05-28 05:38:53.632053,v2.0-official,f,,9,10,14,15,regular,left_90,left,90,only reach and pick up the cup,does nothing meaningful,61,26
264,A1HSI7UUYP5PM3,paid,SENTE6QM,2026-05-28 05:38:52.957,2026-05-28 05:38:53.632053,v2.0-official,f,,9,10,14,15,regular,left_222,left,222,only reach the yellow duck,does nothing meaningful,88,23
264,A1HSI7UUYP5PM3,paid,SENTE6QM,2026-05-28 05:38:52.957,2026-05-28 05:38:53.632053,v2.0-official,f,,9,10,14,15,regular,left_688,left,688,reach nad many attempts to pick up the cu without success,many attempts to recah the cup,81,56
264,A1HSI7UUYP5PM3,paid,SENTE6QM,2026-05-28 05:38:52.957,2026-05-28 05:38:53.632053,v2.0-official,f,,9,10,14,15,regular,right_72,right,72,to pick up the cup first and randomly move on there,pick up the cup and failed to put it on the bowl,56,67
264,A1HSI7UUYP5PM3,paid,SENTE6QM,2026-05-28 05:38:52.957,2026-05-28 05:38:53.632053,v2.0-official,f,,9,10,14,15,regular,right_74,right,74,pick up the cup first and then move to pick up other things,pick up and put a circular token into the bowl,39,94
264,A1HSI7UUYP5PM3,paid,SENTE6QM,2026-05-28 05:38:52.957,2026-05-28 05:38:53.632053,v2.0-official,f,,9,10,14,15,regular,left_69,left,69,pick up the blue cup and try to place neat the red cup,many attempts to pick up the blue cup,76,55
264,A1HSI7UUYP5PM3,paid,SENTE6QM,2026-05-28 05:38:52.957,2026-05-28 05:38:53.632053,v2.0-official,f,,9,10,14,15,regular,left_646,left,646,put  the red lego on the bowl,put the red lego on the table,81,62
264,A1HSI7UUYP5PM3,paid,SENTE6QM,2026-05-28 05:38:52.957,2026-05-28 05:38:53.632053,v2.0-official,f,,9,10,14,15,regular,right_306,right,306,does nothing meaningful,pick up the black bowl,19,69
264,A1HSI7UUYP5PM3,paid,SENTE6QM,2026-05-28 05:38:52.957,2026-05-28 05:38:53.632053,v2.0-official,f,,9,10,14,15,regular,left_733,left,733,only reach the cups,many attempts to reach the cups.,59,56
264,A1HSI7UUYP5PM3,paid,SENTE6QM,2026-05-28 05:38:52.957,2026-05-28 05:38:53.632053,v2.0-official,f,,9,10,14,15,regular,right_33,right,33,reach and pick up the green brick,reach and pick up the green brick and attempt to place it on the bowl,84,86
264,A1HSI7UUYP5PM3,paid,SENTE6QM,2026-05-28 05:38:52.957,2026-05-28 05:38:53.632053,v2.0-official,f,,9,10,14,15,regular,left_154,left,154,reach and move the small bottle on the left side of the table,reach and push the small bottle,86,63
264,A1HSI7UUYP5PM3,paid,SENTE6QM,2026-05-28 05:38:52.957,2026-05-28 05:38:53.632053,v2.0-official,f,,9,10,14,15,regular,left_517,left,517,reach and move the cup,many attempts to reach the cup,88,59
264,A1HSI7UUYP5PM3,paid,SENTE6QM,2026-05-28 05:38:52.957,2026-05-28 05:38:53.632053,v2.0-official,f,,9,10,14,15,regular,left_677,left,677,reach and move the tape,many attempts to reach the tape,83,66
264,A1HSI7UUYP5PM3,paid,SENTE6QM,2026-05-28 05:38:52.957,2026-05-28 05:38:53.632053,v2.0-official,f,,9,10,14,15,regular,right_481,right,481,reach near the blue towel,reach and mover the blue towel along with mat,61,81
264,A1HSI7UUYP5PM3,paid,SENTE6QM,2026-05-28 05:38:52.957,2026-05-28 05:38:53.632053,v2.0-official,f,,9,10,14,15,regular,left_722,left,722,pick up the blue cup and drop it before completing the task,many attempts to pick up the blue cup,81,64
264,A1HSI7UUYP5PM3,paid,SENTE6QM,2026-05-28 05:38:52.957,2026-05-28 05:38:53.632053,v2.0-official,f,,9,10,14,15,regular,right_428,right,428,many attempts to reach the mug,reach the mug and push it down,66,80
264,A1HSI7UUYP5PM3,paid,SENTE6QM,2026-05-28 05:38:52.957,2026-05-28 05:38:53.632053,v2.0-official,f,,9,10,14,15,regular,left_91,left,91,pick up the cup and drop it before completing the task,many attempt to reach the cup,66,58
264,A1HSI7UUYP5PM3,paid,SENTE6QM,2026-05-28 05:38:52.957,2026-05-28 05:38:53.632053,v2.0-official,f,,9,10,14,15,regular,right_415,right,415,reach and push the mug again bring its original position,reach and pick up the mug and move on the left,79,79
264,A1HSI7UUYP5PM3,paid,SENTE6QM,2026-05-28 05:38:52.957,2026-05-28 05:38:53.632053,v2.0-official,f,,9,10,14,15,regular,right_15,right,15,only reach near the green brick,reach near the green brick and amke some attempts to pick it up,58,91
264,A1HSI7UUYP5PM3,paid,SENTE6QM,2026-05-28 05:38:52.957,2026-05-28 05:38:53.632053,v2.0-official,f,,9,10,14,15,regular,same_649,same,649,only reach near the tape,only reach near the tape,60,60
264,A1HSI7UUYP5PM3,paid,SENTE6QM,2026-05-28 05:38:52.957,2026-05-28 05:38:53.632053,v2.0-official,f,,9,10,14,15,regular,left_587,left,587,reach and pick up the cup,reach and pick up the cup and drop near the bowl,84,65
264,A1HSI7UUYP5PM3,paid,SENTE6QM,2026-05-28 05:38:52.957,2026-05-28 05:38:53.632053,v2.0-official,f,,9,10,14,15,regular,same_742,same,742,reach and many attempts to pick up the blue cup,reach and many attempts to pick up the blue cup,60,60
264,A1HSI7UUYP5PM3,paid,SENTE6QM,2026-05-28 05:38:52.957,2026-05-28 05:38:53.632053,v2.0-official,f,,9,10,14,15,regular,left_501,left,501,reach and move the blue towel slightly to the right on the mat,reach and move the blue towel along with mat,82,56
264,A1HSI7UUYP5PM3,paid,SENTE6QM,2026-05-28 05:38:52.957,2026-05-28 05:38:53.632053,v2.0-official,f,,9,10,14,15,regular,right_202,right,202,reach the scrub only,reach and try to pick up the scrub,58,83
264,A1HSI7UUYP5PM3,paid,SENTE6QM,2026-05-28 05:38:52.957,2026-05-28 05:38:53.632053,v2.0-official,f,,9,10,14,15,regular,right_348,right,348,many attempts to reach near the cup,reach  and many attempts to pick up the cup but push it down,58,87
264,A1HSI7UUYP5PM3,paid,SENTE6QM,2026-05-28 05:38:52.957,2026-05-28 05:38:53.632053,v2.0-official,f,,9,10,14,15,regular,same_249,same,249,does nothing meaningful,does nothing meaningful,10,10
264,A1HSI7UUYP5PM3,paid,SENTE6QM,2026-05-28 05:38:52.957,2026-05-28 05:38:53.632053,v2.0-official,f,,9,10,14,15,regular,right_342,right,342,does nothing meaningful,many attempts to reach the cup,22,76
